Time Period,File Start Date,Total Time Difference (Minutes)
03:00 - 04:00,2022-12-19,3.716666666666667
04:00 - 05:00,2022-06-22,7.683333333333334
05:00 - 06:00,2022-06-22,61.0
06:00 - 07:00,2022-01-12,2.8
06:00 - 07:00,2022-01-24,48.983333333333334
06:00 - 07:00,2022-01-26,17.983333333333334
06:00 - 07:00,2022-02-22,4.083333333333333
06:00 - 07:00,2022-03-07,1.5333333333333334
06:00 - 07:00,2022-03-14,20.516666666666666
06:00 - 07:00,2022-03-31,1.5666666666666667
06:00 - 07:00,2022-04-01,1.6166666666666667
06:00 - 07:00,2022-04-04,0.5333333333333333
06:00 - 07:00,2022-04-05,3.1
06:00 - 07:00,2022-04-11,11.583333333333334
06:00 - 07:00,2022-04-19,2.5833333333333335
06:00 - 07:00,2022-05-10,3.1
06:00 - 07:00,2022-05-17,5.2
06:00 - 07:00,2022-05-18,4.2
06:00 - 07:00,2022-05-19,7.199999999999999
06:00 - 07:00,2022-05-30,4.616666666666666
06:00 - 07:00,2022-05-31,2.5833333333333335
06:00 - 07:00,2022-06-08,10.583333333333334
06:00 - 07:00,2022-06-09,10.833333333333334
06:00 - 07:00,2022-06-13,3.6
06:00 - 07:00,2022-06-14,6.6
06:00 - 07:00,2022-06-16,24.049999999999997
06:00 - 07:00,2022-06-22,88.95
06:00 - 07:00,2022-06-28,63.78333333333333
06:00 - 07:00,2022-07-12,4.6
06:00 - 07:00,2022-09-05,2.6
06:00 - 07:00,2022-09-20,2.5833333333333335
06:00 - 07:00,2022-09-27,16.6
06:00 - 07:00,2022-09-28,19.6
06:00 - 07:00,2022-10-05,17.216666666666665
06:00 - 07:00,2022-10-06,13.65
06:00 - 07:00,2022-10-12,1.5833333333333333
06:00 - 07:00,2022-10-17,16.266666666666666
06:00 - 07:00,2022-10-18,26.616666666666667
06:00 - 07:00,2022-10-19,18.2
06:00 - 07:00,2022-10-20,5.616666666666666
06:00 - 07:00,2022-10-25,12.6
06:00 - 07:00,2022-11-01,10.683333333333334
06:00 - 07:00,2022-11-07,12.833333333333334
06:00 - 07:00,2022-11-08,1.5833333333333333
06:00 - 07:00,2022-11-09,9.416666666666666
06:00 - 07:00,2022-11-10,8.166666666666666
06:00 - 07:00,2022-11-14,1.6166666666666667
06:00 - 07:00,2022-11-15,17.183333333333334
06:00 - 07:00,2022-11-17,17.833333333333332
06:00 - 07:00,2022-11-21,9.233333333333333
06:00 - 07:00,2022-11-22,14.866666666666667
06:00 - 07:00,2022-11-24,2.5833333333333335
06:00 - 07:00,2022-11-28,22.566666666666666
06:00 - 07:00,2022-11-29,6.166666666666667
06:00 - 07:00,2022-11-30,37.6
06:00 - 07:00,2022-12-01,7.783333333333333
06:00 - 07:00,2022-12-06,7.766666666666667
06:00 - 07:00,2022-12-08,22.55
06:00 - 07:00,2022-12-12,10.183333333333334
06:00 - 07:00,2022-12-15,1.5833333333333333
07:00 - 08:00,2022-01-11,8.983333333333333
07:00 - 08:00,2022-01-12,119.71666666666667
07:00 - 08:00,2022-01-24,59.983333333333334
07:00 - 08:00,2022-01-25,4.983333333333333
07:00 - 08:00,2022-01-26,85.71666666666667
07:00 - 08:00,2022-02-01,5.183333333333334
07:00 - 08:00,2022-02-03,29.033333333333335
07:00 - 08:00,2022-02-07,22.966666666666665
07:00 - 08:00,2022-02-08,26.516666666666666
07:00 - 08:00,2022-02-10,6.0
07:00 - 08:00,2022-02-14,43.03333333333333
07:00 - 08:00,2022-02-15,44.03333333333333
07:00 - 08:00,2022-02-16,59.96666666666667
07:00 - 08:00,2022-02-17,22.983333333333334
07:00 - 08:00,2022-02-21,28.5
07:00 - 08:00,2022-02-22,13.95
07:00 - 08:00,2022-02-23,30.31666666666667
07:00 - 08:00,2022-02-24,21.483333333333334
07:00 - 08:00,2022-03-07,11.466666666666667
07:00 - 08:00,2022-03-08,33.88333333333333
07:00 - 08:00,2022-03-10,13.9
07:00 - 08:00,2022-03-14,93.76666666666668
07:00 - 08:00,2022-03-15,20.4
07:00 - 08:00,2022-03-17,46.38333333333333
07:00 - 08:00,2022-03-21,74.25
07:00 - 08:00,2022-03-22,46.9
07:00 - 08:00,2022-03-23,60.383333333333326
07:00 - 08:00,2022-03-24,60.53333333333333
07:00 - 08:00,2022-03-28,32.516666666666666
07:00 - 08:00,2022-03-29,15.1
07:00 - 08:00,2022-03-30,46.333333333333336
07:00 - 08:00,2022-03-31,113.3
07:00 - 08:00,2022-04-04,68.3
07:00 - 08:00,2022-04-05,122.75
07:00 - 08:00,2022-04-06,38.05
07:00 - 08:00,2022-04-07,103.16666666666667
07:00 - 08:00,2022-04-08,22.7
07:00 - 08:00,2022-04-11,77.28333333333333
07:00 - 08:00,2022-04-12,70.5
07:00 - 08:00,2022-04-13,35.75
07:00 - 08:00,2022-04-14,56.11666666666666
07:00 - 08:00,2022-04-19,80.65
07:00 - 08:00,2022-04-20,72.35
07:00 - 08:00,2022-04-21,77.75
07:00 - 08:00,2022-04-25,8.133333333333333
07:00 - 08:00,2022-04-26,31.03333333333333
07:00 - 08:00,2022-04-28,13.716666666666665
07:00 - 08:00,2022-05-03,7.533333333333333
07:00 - 08:00,2022-05-09,54.13333333333333
07:00 - 08:00,2022-05-10,82.8
07:00 - 08:00,2022-05-11,36.86666666666667
07:00 - 08:00,2022-05-12,53.833333333333336
07:00 - 08:00,2022-05-16,69.48333333333333
07:00 - 08:00,2022-05-17,98.1
07:00 - 08:00,2022-05-18,58.15
07:00 - 08:00,2022-05-19,134.11666666666667
07:00 - 08:00,2022-05-23,79.78333333333333
07:00 - 08:00,2022-05-24,90.73333333333333
07:00 - 08:00,2022-05-25,34.6
07:00 - 08:00,2022-05-30,47.05
07:00 - 08:00,2022-05-31,67.83333333333333
07:00 - 08:00,2022-06-01,53.400000000000006
07:00 - 08:00,2022-06-02,100.68333333333334
07:00 - 08:00,2022-06-03,22.566666666666666
07:00 - 08:00,2022-06-07,85.46666666666667
07:00 - 08:00,2022-06-08,80.66666666666667
07:00 - 08:00,2022-06-09,81.8
07:00 - 08:00,2022-06-10,14.583333333333334
07:00 - 08:00,2022-06-13,126.7
07:00 - 08:00,2022-06-14,76.93333333333334
07:00 - 08:00,2022-06-15,22.366666666666667
07:00 - 08:00,2022-06-16,142.3
07:00 - 08:00,2022-06-20,35.4
07:00 - 08:00,2022-06-21,90.26666666666668
07:00 - 08:00,2022-06-22,288.46666666666664
07:00 - 08:00,2022-06-23,16.316666666666666
07:00 - 08:00,2022-06-27,24.516666666666666
07:00 - 08:00,2022-06-28,129.86666666666667
07:00 - 08:00,2022-06-30,45.78333333333333
07:00 - 08:00,2022-07-01,30.916666666666664
07:00 - 08:00,2022-07-05,34.516666666666666
07:00 - 08:00,2022-07-06,12.15
07:00 - 08:00,2022-07-07,81.18333333333334
07:00 - 08:00,2022-07-11,13.15
07:00 - 08:00,2022-07-12,51.55
07:00 - 08:00,2022-07-13,72.41666666666667
07:00 - 08:00,2022-07-14,47.46666666666667
07:00 - 08:00,2022-07-21,3.1666666666666665
07:00 - 08:00,2022-08-11,2.0833333333333335
07:00 - 08:00,2022-08-30,23.799999999999997
07:00 - 08:00,2022-09-05,31.26666666666667
07:00 - 08:00,2022-09-06,34.95
07:00 - 08:00,2022-09-07,7.066666666666666
07:00 - 08:00,2022-09-08,133.9
07:00 - 08:00,2022-09-12,25.75
07:00 - 08:00,2022-09-13,73.28333333333333
07:00 - 08:00,2022-09-14,85.23333333333333
07:00 - 08:00,2022-09-15,71.46666666666667
07:00 - 08:00,2022-09-19,61.46666666666667
07:00 - 08:00,2022-09-20,109.36666666666667
07:00 - 08:00,2022-09-21,51.53333333333333
07:00 - 08:00,2022-09-22,48.55
07:00 - 08:00,2022-09-26,148.21666666666667
07:00 - 08:00,2022-09-27,176.16666666666666
07:00 - 08:00,2022-09-28,171.0
07:00 - 08:00,2022-09-29,116.35000000000001
07:00 - 08:00,2022-10-03,149.21666666666667
07:00 - 08:00,2022-10-04,115.51666666666667
07:00 - 08:00,2022-10-05,92.41666666666667
07:00 - 08:00,2022-10-06,135.03333333333333
07:00 - 08:00,2022-10-10,102.13333333333334
07:00 - 08:00,2022-10-11,107.83333333333333
07:00 - 08:00,2022-10-12,44.0
07:00 - 08:00,2022-10-13,83.01666666666667
07:00 - 08:00,2022-10-17,123.8
07:00 - 08:00,2022-10-18,229.48333333333335
07:00 - 08:00,2022-10-19,48.75
07:00 - 08:00,2022-10-20,127.78333333333335
07:00 - 08:00,2022-10-21,25.35
07:00 - 08:00,2022-10-24,63.866666666666674
07:00 - 08:00,2022-10-25,84.33333333333334
07:00 - 08:00,2022-10-26,1.5833333333333333
07:00 - 08:00,2022-10-31,66.16666666666667
07:00 - 08:00,2022-11-01,152.16666666666666
07:00 - 08:00,2022-11-02,65.6
07:00 - 08:00,2022-11-03,62.916666666666664
07:00 - 08:00,2022-11-07,132.96666666666667
07:00 - 08:00,2022-11-08,140.65
07:00 - 08:00,2022-11-09,125.75
07:00 - 08:00,2022-11-10,174.48333333333335
07:00 - 08:00,2022-11-14,115.05
07:00 - 08:00,2022-11-15,162.61666666666667
07:00 - 08:00,2022-11-16,8.95
07:00 - 08:00,2022-11-17,158.75
07:00 - 08:00,2022-11-21,180.8
07:00 - 08:00,2022-11-22,239.21666666666667
07:00 - 08:00,2022-11-23,45.75
07:00 - 08:00,2022-11-24,168.83333333333334
07:00 - 08:00,2022-11-28,219.33333333333331
07:00 - 08:00,2022-11-29,183.26666666666668
07:00 - 08:00,2022-11-30,85.06666666666668
07:00 - 08:00,2022-12-01,119.48333333333333
07:00 - 08:00,2022-12-05,147.2
07:00 - 08:00,2022-12-06,159.46666666666667
07:00 - 08:00,2022-12-07,217.86666666666667
07:00 - 08:00,2022-12-08,175.43333333333334
07:00 - 08:00,2022-12-12,160.43333333333334
07:00 - 08:00,2022-12-13,183.65
07:00 - 08:00,2022-12-14,81.1
07:00 - 08:00,2022-12-15,118.03333333333333
07:00 - 08:00,2022-12-16,7.1
07:00 - 08:00,2022-12-19,103.26666666666667
07:00 - 08:00,2022-12-20,133.93333333333334
07:00 - 08:00,2022-12-21,34.25
07:00 - 08:00,2022-12-22,37.6
08:00 - 09:00,2022-01-10,31.983333333333334
08:00 - 09:00,2022-01-11,11.466666666666667
08:00 - 09:00,2022-01-12,31.28333333333333
08:00 - 09:00,2022-01-24,43.08333333333333
08:00 - 09:00,2022-01-25,0.21666666666666667
08:00 - 09:00,2022-01-26,0.9833333333333333
08:00 - 09:00,2022-02-07,9.966666666666667
08:00 - 09:00,2022-02-08,50.71666666666667
08:00 - 09:00,2022-02-10,21.383333333333333
08:00 - 09:00,2022-02-14,19.466666666666665
08:00 - 09:00,2022-02-15,54.81666666666666
08:00 - 09:00,2022-02-16,62.91666666666667
08:00 - 09:00,2022-02-17,43.38333333333333
08:00 - 09:00,2022-02-21,54.81666666666666
08:00 - 09:00,2022-02-22,75.33333333333333
08:00 - 09:00,2022-02-23,49.95
08:00 - 09:00,2022-02-24,32.86666666666667
08:00 - 09:00,2022-03-07,2.466666666666667
08:00 - 09:00,2022-03-08,84.48333333333333
08:00 - 09:00,2022-03-09,28.316666666666666
08:00 - 09:00,2022-03-10,25.166666666666668
08:00 - 09:00,2022-03-14,20.033333333333335
08:00 - 09:00,2022-03-15,57.916666666666664
08:00 - 09:00,2022-03-17,86.55000000000001
08:00 - 09:00,2022-03-21,183.11666666666667
08:00 - 09:00,2022-03-22,105.46666666666667
08:00 - 09:00,2022-03-23,89.53333333333333
08:00 - 09:00,2022-03-24,71.85
08:00 - 09:00,2022-03-28,45.13333333333333
08:00 - 09:00,2022-03-29,106.71666666666667
08:00 - 09:00,2022-03-30,42.416666666666664
08:00 - 09:00,2022-03-31,335.76666666666665
08:00 - 09:00,2022-04-01,2.4833333333333334
08:00 - 09:00,2022-04-04,114.48333333333333
08:00 - 09:00,2022-04-05,275.8
08:00 - 09:00,2022-04-06,38.38333333333333
08:00 - 09:00,2022-04-07,359.31666666666666
08:00 - 09:00,2022-04-08,57.38333333333333
08:00 - 09:00,2022-04-11,148.51666666666665
08:00 - 09:00,2022-04-12,202.08333333333334
08:00 - 09:00,2022-04-13,60.06666666666667
08:00 - 09:00,2022-04-14,225.18333333333334
08:00 - 09:00,2022-04-19,179.33333333333334
08:00 - 09:00,2022-04-20,52.233333333333334
08:00 - 09:00,2022-04-21,199.38333333333333
08:00 - 09:00,2022-04-22,2.55
08:00 - 09:00,2022-04-25,5.666666666666666
08:00 - 09:00,2022-04-26,12.2
08:00 - 09:00,2022-04-28,15.566666666666666
08:00 - 09:00,2022-05-03,40.983333333333334
08:00 - 09:00,2022-05-09,88.15
08:00 - 09:00,2022-05-10,280.68333333333334
08:00 - 09:00,2022-05-11,49.15
08:00 - 09:00,2022-05-12,199.13333333333333
08:00 - 09:00,2022-05-16,172.13333333333333
08:00 - 09:00,2022-05-17,235.7
08:00 - 09:00,2022-05-18,125.1
08:00 - 09:00,2022-05-19,248.51666666666665
08:00 - 09:00,2022-05-23,84.43333333333334
08:00 - 09:00,2022-05-24,215.25
08:00 - 09:00,2022-05-25,7.583333333333333
08:00 - 09:00,2022-05-30,56.15
08:00 - 09:00,2022-05-31,192.61666666666667
08:00 - 09:00,2022-06-01,70.46666666666665
08:00 - 09:00,2022-06-02,202.78333333333333
08:00 - 09:00,2022-06-03,29.966666666666665
08:00 - 09:00,2022-06-07,222.16666666666669
08:00 - 09:00,2022-06-08,83.73333333333333
08:00 - 09:00,2022-06-09,178.93333333333334
08:00 - 09:00,2022-06-13,126.76666666666667
08:00 - 09:00,2022-06-14,201.53333333333333
08:00 - 09:00,2022-06-15,46.78333333333333
08:00 - 09:00,2022-06-16,220.38333333333333
08:00 - 09:00,2022-06-20,12.0
08:00 - 09:00,2022-06-21,134.66666666666666
08:00 - 09:00,2022-06-22,233.26666666666665
08:00 - 09:00,2022-06-23,127.01666666666667
08:00 - 09:00,2022-06-27,13.816666666666666
08:00 - 09:00,2022-06-28,215.25
08:00 - 09:00,2022-06-30,163.56666666666666
08:00 - 09:00,2022-07-01,20.216666666666665
08:00 - 09:00,2022-07-05,157.95000000000002
08:00 - 09:00,2022-07-06,106.81666666666666
08:00 - 09:00,2022-07-07,127.39999999999999
08:00 - 09:00,2022-07-11,5.133333333333334
08:00 - 09:00,2022-07-12,55.300000000000004
08:00 - 09:00,2022-07-13,23.599999999999998
08:00 - 09:00,2022-07-14,79.21666666666667
08:00 - 09:00,2022-08-11,7.133333333333334
08:00 - 09:00,2022-08-30,110.98333333333333
08:00 - 09:00,2022-09-01,72.05
08:00 - 09:00,2022-09-05,45.516666666666666
08:00 - 09:00,2022-09-06,245.86666666666667
08:00 - 09:00,2022-09-07,27.566666666666666
08:00 - 09:00,2022-09-08,347.23333333333335
08:00 - 09:00,2022-09-12,40.416666666666664
08:00 - 09:00,2022-09-13,164.55
08:00 - 09:00,2022-09-14,204.13333333333333
08:00 - 09:00,2022-09-15,96.05
08:00 - 09:00,2022-09-16,10.533333333333333
08:00 - 09:00,2022-09-19,53.78333333333333
08:00 - 09:00,2022-09-20,195.08333333333334
08:00 - 09:00,2022-09-21,38.166666666666664
08:00 - 09:00,2022-09-22,246.28333333333333
08:00 - 09:00,2022-09-26,289.5
08:00 - 09:00,2022-09-27,235.8
08:00 - 09:00,2022-09-28,101.8
08:00 - 09:00,2022-09-29,292.8333333333333
08:00 - 09:00,2022-09-30,1.6
08:00 - 09:00,2022-10-03,262.4666666666667
08:00 - 09:00,2022-10-04,242.28333333333333
08:00 - 09:00,2022-10-05,116.46666666666667
08:00 - 09:00,2022-10-06,294.98333333333335
08:00 - 09:00,2022-10-10,163.75
08:00 - 09:00,2022-10-11,276.2
08:00 - 09:00,2022-10-12,123.21666666666667
08:00 - 09:00,2022-10-13,242.13333333333333
08:00 - 09:00,2022-10-14,2.6
08:00 - 09:00,2022-10-17,186.66666666666669
08:00 - 09:00,2022-10-18,357.0833333333333
08:00 - 09:00,2022-10-19,44.36666666666667
08:00 - 09:00,2022-10-20,118.46666666666667
08:00 - 09:00,2022-10-24,47.4
08:00 - 09:00,2022-10-25,12.816666666666668
08:00 - 09:00,2022-10-28,16.55
08:00 - 09:00,2022-10-31,166.35
08:00 - 09:00,2022-11-01,323.48333333333335
08:00 - 09:00,2022-11-02,65.93333333333334
08:00 - 09:00,2022-11-03,266.5833333333333
08:00 - 09:00,2022-11-04,5.116666666666666
08:00 - 09:00,2022-11-07,144.85
08:00 - 09:00,2022-11-08,256.85
08:00 - 09:00,2022-11-09,86.98333333333333
08:00 - 09:00,2022-11-10,254.98333333333332
08:00 - 09:00,2022-11-14,108.75
08:00 - 09:00,2022-11-15,338.26666666666665
08:00 - 09:00,2022-11-16,129.91666666666666
08:00 - 09:00,2022-11-17,314.3833333333333
08:00 - 09:00,2022-11-21,255.01666666666665
08:00 - 09:00,2022-11-22,401.8333333333333
08:00 - 09:00,2022-11-23,21.6
08:00 - 09:00,2022-11-24,302.5833333333333
08:00 - 09:00,2022-11-25,3.783333333333333
08:00 - 09:00,2022-11-28,371.6666666666667
08:00 - 09:00,2022-11-29,250.21666666666667
08:00 - 09:00,2022-11-30,68.2
08:00 - 09:00,2022-12-01,125.7
08:00 - 09:00,2022-12-05,153.31666666666666
08:00 - 09:00,2022-12-06,270.8833333333333
08:00 - 09:00,2022-12-07,292.6333333333333
08:00 - 09:00,2022-12-08,293.53333333333336
08:00 - 09:00,2022-12-12,205.35000000000002
08:00 - 09:00,2022-12-13,323.6166666666667
08:00 - 09:00,2022-12-14,57.1
08:00 - 09:00,2022-12-15,224.0
08:00 - 09:00,2022-12-19,138.21666666666667
08:00 - 09:00,2022-12-20,242.68333333333334
08:00 - 09:00,2022-12-21,54.21666666666667
08:00 - 09:00,2022-12-22,116.55000000000001
09:00 - 10:00,2022-02-09,1.4666666666666666
09:00 - 10:00,2022-02-15,2.933333333333333
09:00 - 10:00,2022-02-16,37.43333333333334
09:00 - 10:00,2022-02-22,90.91666666666667
09:00 - 10:00,2022-03-08,3.2666666666666666
09:00 - 10:00,2022-03-09,13.466666666666667
09:00 - 10:00,2022-03-16,1.5
09:00 - 10:00,2022-03-17,4.883333333333333
09:00 - 10:00,2022-03-19,9.5
09:00 - 10:00,2022-03-21,66.68333333333334
09:00 - 10:00,2022-03-22,56.8
09:00 - 10:00,2022-03-24,33.5
09:00 - 10:00,2022-03-28,6.016666666666667
09:00 - 10:00,2022-03-29,11.033333333333333
09:00 - 10:00,2022-03-31,141.18333333333334
09:00 - 10:00,2022-04-04,11.983333333333334
09:00 - 10:00,2022-04-05,147.5
09:00 - 10:00,2022-04-06,6.466666666666667
09:00 - 10:00,2022-04-07,256.6666666666667
09:00 - 10:00,2022-04-11,91.03333333333333
09:00 - 10:00,2022-04-12,101.53333333333333
09:00 - 10:00,2022-04-13,12.083333333333332
09:00 - 10:00,2022-04-14,101.45
09:00 - 10:00,2022-04-16,8.55
09:00 - 10:00,2022-04-19,119.4
09:00 - 10:00,2022-04-21,110.68333333333334
09:00 - 10:00,2022-05-03,41.86666666666667
09:00 - 10:00,2022-05-09,18.566666666666666
09:00 - 10:00,2022-05-10,73.1
09:00 - 10:00,2022-05-11,58.866666666666674
09:00 - 10:00,2022-05-12,101.1
09:00 - 10:00,2022-05-16,5.583333333333333
09:00 - 10:00,2022-05-17,33.18333333333334
09:00 - 10:00,2022-05-18,12.266666666666667
09:00 - 10:00,2022-05-19,164.76666666666665
09:00 - 10:00,2022-05-23,10.033333333333333
09:00 - 10:00,2022-05-24,61.083333333333336
09:00 - 10:00,2022-05-26,4.6
09:00 - 10:00,2022-05-30,11.55
09:00 - 10:00,2022-05-31,68.63333333333334
09:00 - 10:00,2022-06-01,43.71666666666667
09:00 - 10:00,2022-06-02,58.800000000000004
09:00 - 10:00,2022-06-07,165.55
09:00 - 10:00,2022-06-08,41.0
09:00 - 10:00,2022-06-09,68.51666666666667
09:00 - 10:00,2022-06-13,4.016666666666667
09:00 - 10:00,2022-06-14,34.95
09:00 - 10:00,2022-06-15,35.833333333333336
09:00 - 10:00,2022-06-16,88.81666666666666
09:00 - 10:00,2022-06-17,0.5333333333333333
09:00 - 10:00,2022-06-21,21.666666666666668
09:00 - 10:00,2022-06-22,82.63333333333334
09:00 - 10:00,2022-06-23,16.133333333333333
09:00 - 10:00,2022-06-28,82.66666666666667
09:00 - 10:00,2022-06-30,102.8
09:00 - 10:00,2022-07-05,87.51666666666667
09:00 - 10:00,2022-07-06,145.7
09:00 - 10:00,2022-07-07,51.71666666666666
09:00 - 10:00,2022-07-13,25.55
09:00 - 10:00,2022-07-14,3.5833333333333335
09:00 - 10:00,2022-07-20,19.566666666666666
09:00 - 10:00,2022-08-10,37.53333333333333
09:00 - 10:00,2022-08-12,4.516666666666667
09:00 - 10:00,2022-08-13,31.116666666666667
09:00 - 10:00,2022-08-15,24.533333333333335
09:00 - 10:00,2022-08-20,37.56666666666667
09:00 - 10:00,2022-08-30,32.68333333333334
09:00 - 10:00,2022-09-01,11.15
09:00 - 10:00,2022-09-06,101.56666666666666
09:00 - 10:00,2022-09-08,197.45000000000002
09:00 - 10:00,2022-09-12,6.55
09:00 - 10:00,2022-09-13,31.150000000000002
09:00 - 10:00,2022-09-14,62.65
09:00 - 10:00,2022-09-15,12.766666666666667
09:00 - 10:00,2022-09-20,23.233333333333334
09:00 - 10:00,2022-09-21,0.05
09:00 - 10:00,2022-09-22,114.16666666666667
09:00 - 10:00,2022-09-26,138.86666666666667
09:00 - 10:00,2022-09-27,107.36666666666667
09:00 - 10:00,2022-09-28,12.716666666666667
09:00 - 10:00,2022-09-29,131.96666666666667
09:00 - 10:00,2022-10-03,50.61666666666667
09:00 - 10:00,2022-10-04,27.25
09:00 - 10:00,2022-10-05,45.18333333333333
09:00 - 10:00,2022-10-06,97.3
09:00 - 10:00,2022-10-10,11.566666666666666
09:00 - 10:00,2022-10-11,63.333333333333336
09:00 - 10:00,2022-10-12,6.183333333333334
09:00 - 10:00,2022-10-13,72.3
09:00 - 10:00,2022-10-17,5.133333333333333
09:00 - 10:00,2022-10-18,176.01666666666665
09:00 - 10:00,2022-10-19,2.566666666666667
09:00 - 10:00,2022-10-20,0.05
09:00 - 10:00,2022-10-28,19.4
09:00 - 10:00,2022-10-31,15.65
09:00 - 10:00,2022-11-01,171.05
09:00 - 10:00,2022-11-02,1.0
09:00 - 10:00,2022-11-03,49.1
09:00 - 10:00,2022-11-07,14.75
09:00 - 10:00,2022-11-08,33.25
09:00 - 10:00,2022-11-10,96.1
09:00 - 10:00,2022-11-15,128.55
09:00 - 10:00,2022-11-16,29.46666666666667
09:00 - 10:00,2022-11-17,266.65
09:00 - 10:00,2022-11-21,108.18333333333334
09:00 - 10:00,2022-11-22,230.88333333333333
09:00 - 10:00,2022-11-23,5.566666666666666
09:00 - 10:00,2022-11-24,38.8
09:00 - 10:00,2022-11-25,32.53333333333333
09:00 - 10:00,2022-11-28,137.31666666666666
09:00 - 10:00,2022-11-29,10.866666666666667
09:00 - 10:00,2022-12-05,44.55
09:00 - 10:00,2022-12-06,47.81666666666666
09:00 - 10:00,2022-12-07,19.066666666666666
09:00 - 10:00,2022-12-08,189.71666666666667
09:00 - 10:00,2022-12-12,41.03333333333333
09:00 - 10:00,2022-12-13,170.68333333333334
09:00 - 10:00,2022-12-15,29.1
09:00 - 10:00,2022-12-19,11.55
09:00 - 10:00,2022-12-20,49.733333333333334
09:00 - 10:00,2022-12-21,43.6
09:00 - 10:00,2022-12-22,111.51666666666667
10:00 - 11:00,2022-02-16,23.483333333333334
10:00 - 11:00,2022-02-22,16.75
10:00 - 11:00,2022-03-21,59.983333333333334
10:00 - 11:00,2022-03-25,2.4833333333333334
10:00 - 11:00,2022-03-27,7.533333333333333
10:00 - 11:00,2022-04-07,36.81666666666667
10:00 - 11:00,2022-04-11,5.116666666666667
10:00 - 11:00,2022-04-12,6.0
10:00 - 11:00,2022-04-14,1.0166666666666666
10:00 - 11:00,2022-04-15,21.083333333333336
10:00 - 11:00,2022-04-16,33.3
10:00 - 11:00,2022-04-19,58.21666666666667
10:00 - 11:00,2022-04-21,19.1
10:00 - 11:00,2022-04-25,30.75
10:00 - 11:00,2022-04-26,5.1
10:00 - 11:00,2022-04-29,34.35
10:00 - 11:00,2022-04-30,30.366666666666667
10:00 - 11:00,2022-05-06,53.18333333333333
10:00 - 11:00,2022-05-12,67.1
10:00 - 11:00,2022-05-13,8.683333333333334
10:00 - 11:00,2022-05-19,17.78333333333333
10:00 - 11:00,2022-05-20,37.53333333333333
10:00 - 11:00,2022-05-26,53.8
10:00 - 11:00,2022-06-03,29.533333333333335
10:00 - 11:00,2022-06-07,23.8
10:00 - 11:00,2022-06-09,27.983333333333334
10:00 - 11:00,2022-06-14,3.55
10:00 - 11:00,2022-06-16,91.0
10:00 - 11:00,2022-06-17,34.083333333333336
10:00 - 11:00,2022-06-20,39.55
10:00 - 11:00,2022-06-24,2.55
10:00 - 11:00,2022-06-27,21.45
10:00 - 11:00,2022-06-30,8.583333333333334
10:00 - 11:00,2022-07-01,22.71666666666667
10:00 - 11:00,2022-07-06,74.13333333333334
10:00 - 11:00,2022-07-08,6.666666666666667
10:00 - 11:00,2022-07-11,31.133333333333333
10:00 - 11:00,2022-07-13,41.0
10:00 - 11:00,2022-07-15,38.36666666666667
10:00 - 11:00,2022-07-18,15.55
10:00 - 11:00,2022-07-20,25.433333333333334
10:00 - 11:00,2022-07-21,4.133333333333334
10:00 - 11:00,2022-07-22,3.566666666666667
10:00 - 11:00,2022-07-25,1.5833333333333333
10:00 - 11:00,2022-07-29,39.06666666666666
10:00 - 11:00,2022-08-01,14.083333333333334
10:00 - 11:00,2022-08-05,16.03333333333333
10:00 - 11:00,2022-08-08,18.516666666666666
10:00 - 11:00,2022-08-10,42.53333333333333
10:00 - 11:00,2022-08-11,49.65
10:00 - 11:00,2022-08-12,70.5
10:00 - 11:00,2022-08-13,59.53333333333333
10:00 - 11:00,2022-08-14,15.566666666666666
10:00 - 11:00,2022-08-15,61.516666666666666
10:00 - 11:00,2022-08-16,15.149999999999999
10:00 - 11:00,2022-08-18,7.516666666666667
10:00 - 11:00,2022-08-19,71.51666666666667
10:00 - 11:00,2022-08-20,59.983333333333334
10:00 - 11:00,2022-08-26,44.150000000000006
10:00 - 11:00,2022-08-29,23.516666666666666
10:00 - 11:00,2022-09-02,3.0666666666666664
10:00 - 11:00,2022-09-06,47.18333333333334
10:00 - 11:00,2022-09-08,55.13333333333333
10:00 - 11:00,2022-09-09,30.533333333333335
10:00 - 11:00,2022-09-12,22.083333333333336
10:00 - 11:00,2022-09-16,34.083333333333336
10:00 - 11:00,2022-09-20,5.533333333333333
10:00 - 11:00,2022-09-27,41.38333333333334
10:00 - 11:00,2022-09-30,24.78333333333333
10:00 - 11:00,2022-10-01,32.55
10:00 - 11:00,2022-10-03,1.5833333333333333
10:00 - 11:00,2022-10-05,0.06666666666666667
10:00 - 11:00,2022-10-06,45.61666666666667
10:00 - 11:00,2022-10-07,4.1
10:00 - 11:00,2022-10-18,13.0
10:00 - 11:00,2022-10-21,35.53333333333333
10:00 - 11:00,2022-10-23,35.266666666666666
10:00 - 11:00,2022-10-24,19.25
10:00 - 11:00,2022-10-28,52.31666666666666
10:00 - 11:00,2022-10-29,33.56666666666667
10:00 - 11:00,2022-10-30,17.583333333333332
10:00 - 11:00,2022-11-01,91.15
10:00 - 11:00,2022-11-09,12.283333333333333
10:00 - 11:00,2022-11-10,60.53333333333333
10:00 - 11:00,2022-11-11,35.68333333333334
10:00 - 11:00,2022-11-17,28.116666666666667
10:00 - 11:00,2022-11-22,26.583333333333332
10:00 - 11:00,2022-11-23,32.0
10:00 - 11:00,2022-11-28,58.65
10:00 - 11:00,2022-11-29,48.516666666666666
10:00 - 11:00,2022-12-08,22.0
10:00 - 11:00,2022-12-13,2.0
10:00 - 11:00,2022-12-20,4.516666666666667
10:00 - 11:00,2022-12-22,1.0
10:00 - 11:00,2022-12-26,6.583333333333333
10:00 - 11:00,2022-12-30,6.5
11:00 - 12:00,2022-02-25,3.9333333333333336
11:00 - 12:00,2022-03-02,29.5
11:00 - 12:00,2022-03-21,59.983333333333334
11:00 - 12:00,2022-03-25,1.4666666666666666
11:00 - 12:00,2022-03-27,23.383333333333333
11:00 - 12:00,2022-04-15,32.733333333333334
11:00 - 12:00,2022-04-18,33.55
11:00 - 12:00,2022-04-19,38.166666666666664
11:00 - 12:00,2022-04-25,44.0
11:00 - 12:00,2022-04-29,26.733333333333334
11:00 - 12:00,2022-04-30,62.81666666666667
11:00 - 12:00,2022-05-06,149.66666666666669
11:00 - 12:00,2022-05-10,10.533333333333333
11:00 - 12:00,2022-05-12,67.5
11:00 - 12:00,2022-05-13,27.433333333333334
11:00 - 12:00,2022-05-16,25.416666666666668
11:00 - 12:00,2022-05-20,66.31666666666666
11:00 - 12:00,2022-05-23,26.71666666666667
11:00 - 12:00,2022-05-25,5.55
11:00 - 12:00,2022-05-26,47.78333333333333
11:00 - 12:00,2022-05-27,7.1
11:00 - 12:00,2022-05-28,51.9
11:00 - 12:00,2022-05-29,39.2
11:00 - 12:00,2022-06-03,30.616666666666667
11:00 - 12:00,2022-06-06,11.566666666666666
11:00 - 12:00,2022-06-07,6.6499999999999995
11:00 - 12:00,2022-06-09,8.516666666666667
11:00 - 12:00,2022-06-13,11.649999999999999
11:00 - 12:00,2022-06-16,62.88333333333333
11:00 - 12:00,2022-06-17,28.3
11:00 - 12:00,2022-06-20,93.98333333333333
11:00 - 12:00,2022-06-24,19.21666666666667
11:00 - 12:00,2022-06-27,4.516666666666667
11:00 - 12:00,2022-07-01,94.43333333333334
11:00 - 12:00,2022-07-06,59.983333333333334
11:00 - 12:00,2022-07-08,43.5
11:00 - 12:00,2022-07-11,23.583333333333336
11:00 - 12:00,2022-07-15,31.333333333333332
11:00 - 12:00,2022-07-16,36.300000000000004
11:00 - 12:00,2022-07-18,111.66666666666666
11:00 - 12:00,2022-07-21,14.116666666666667
11:00 - 12:00,2022-07-22,14.100000000000001
11:00 - 12:00,2022-07-23,17.566666666666666
11:00 - 12:00,2022-07-29,48.13333333333333
11:00 - 12:00,2022-08-01,58.733333333333334
11:00 - 12:00,2022-08-03,45.5
11:00 - 12:00,2022-08-05,134.98333333333332
11:00 - 12:00,2022-08-08,39.65
11:00 - 12:00,2022-08-11,18.583333333333332
11:00 - 12:00,2022-08-12,135.66666666666666
11:00 - 12:00,2022-08-13,56.516666666666666
11:00 - 12:00,2022-08-14,24.0
11:00 - 12:00,2022-08-15,64.05
11:00 - 12:00,2022-08-16,2.5166666666666666
11:00 - 12:00,2022-08-17,26.5
11:00 - 12:00,2022-08-19,170.15
11:00 - 12:00,2022-08-20,59.983333333333334
11:00 - 12:00,2022-08-26,40.13333333333333
11:00 - 12:00,2022-08-27,4.033333333333333
11:00 - 12:00,2022-08-29,59.983333333333334
11:00 - 12:00,2022-09-02,22.183333333333334
11:00 - 12:00,2022-09-09,42.86666666666667
11:00 - 12:00,2022-09-12,22.633333333333333
11:00 - 12:00,2022-09-14,13.55
11:00 - 12:00,2022-09-16,54.083333333333336
11:00 - 12:00,2022-09-20,51.150000000000006
11:00 - 12:00,2022-09-22,5.1
11:00 - 12:00,2022-09-23,17.7
11:00 - 12:00,2022-09-26,33.1
11:00 - 12:00,2022-09-30,43.416666666666664
11:00 - 12:00,2022-10-01,16.016666666666666
11:00 - 12:00,2022-10-07,24.683333333333334
11:00 - 12:00,2022-10-21,17.55
11:00 - 12:00,2022-10-24,18.0
11:00 - 12:00,2022-10-27,24.45
11:00 - 12:00,2022-10-28,62.2
11:00 - 12:00,2022-10-29,82.83333333333333
11:00 - 12:00,2022-10-30,66.56666666666666
11:00 - 12:00,2022-11-01,7.0
11:00 - 12:00,2022-11-10,28.78333333333333
11:00 - 12:00,2022-11-11,35.0
11:00 - 12:00,2022-11-14,4.1
11:00 - 12:00,2022-11-29,25.516666666666666
11:00 - 12:00,2022-11-30,26.516666666666666
11:00 - 12:00,2022-12-12,15.516666666666667
11:00 - 12:00,2022-12-13,53.016666666666666
11:00 - 12:00,2022-12-16,10.533333333333333
11:00 - 12:00,2022-12-19,15.5
11:00 - 12:00,2022-12-26,59.983333333333334
11:00 - 12:00,2022-12-27,51.516666666666666
11:00 - 12:00,2022-12-30,48.06666666666666
12:00 - 13:00,2022-02-25,3.45
12:00 - 13:00,2022-03-02,36.13333333333333
12:00 - 13:00,2022-03-21,55.0
12:00 - 13:00,2022-04-05,5.033333333333333
12:00 - 13:00,2022-04-08,8.633333333333333
12:00 - 13:00,2022-04-15,54.7
12:00 - 13:00,2022-04-16,4.533333333333333
12:00 - 13:00,2022-04-18,49.28333333333333
12:00 - 13:00,2022-04-19,34.83333333333333
12:00 - 13:00,2022-04-29,4.116666666666667
12:00 - 13:00,2022-04-30,59.983333333333334
12:00 - 13:00,2022-05-01,27.566666666666666
12:00 - 13:00,2022-05-06,106.56666666666666
12:00 - 13:00,2022-05-07,2.55
12:00 - 13:00,2022-05-08,22.566666666666666
12:00 - 13:00,2022-05-10,22.133333333333333
12:00 - 13:00,2022-05-11,40.55
12:00 - 13:00,2022-05-12,59.983333333333334
12:00 - 13:00,2022-05-13,9.766666666666666
12:00 - 13:00,2022-05-20,31.233333333333334
12:00 - 13:00,2022-05-23,33.86666666666667
12:00 - 13:00,2022-05-25,1.5333333333333334
12:00 - 13:00,2022-05-26,7.2
12:00 - 13:00,2022-05-27,5.1
12:00 - 13:00,2022-05-28,9.0
12:00 - 13:00,2022-05-29,93.14999999999999
12:00 - 13:00,2022-05-30,15.683333333333334
12:00 - 13:00,2022-06-03,32.56666666666667
12:00 - 13:00,2022-06-06,53.81666666666666
12:00 - 13:00,2022-06-07,37.016666666666666
12:00 - 13:00,2022-06-09,59.983333333333334
12:00 - 13:00,2022-06-10,30.049999999999997
12:00 - 13:00,2022-06-11,56.53333333333333
12:00 - 13:00,2022-06-15,19.083333333333336
12:00 - 13:00,2022-06-16,56.46666666666667
12:00 - 13:00,2022-06-19,25.816666666666666
12:00 - 13:00,2022-06-20,96.36666666666667
12:00 - 13:00,2022-06-24,85.31666666666666
12:00 - 13:00,2022-06-27,13.65
12:00 - 13:00,2022-07-01,50.88333333333333
12:00 - 13:00,2022-07-06,0.08333333333333333
12:00 - 13:00,2022-07-08,41.16666666666667
12:00 - 13:00,2022-07-11,47.25
12:00 - 13:00,2022-07-15,41.833333333333336
12:00 - 13:00,2022-07-16,1.55
12:00 - 13:00,2022-07-18,116.4
12:00 - 13:00,2022-07-19,3.55
12:00 - 13:00,2022-07-21,65.36666666666667
12:00 - 13:00,2022-07-22,14.75
12:00 - 13:00,2022-07-23,6.0
12:00 - 13:00,2022-07-25,22.583333333333332
12:00 - 13:00,2022-07-30,9.55
12:00 - 13:00,2022-08-01,50.650000000000006
12:00 - 13:00,2022-08-04,7.083333333333333
12:00 - 13:00,2022-08-05,130.63333333333333
12:00 - 13:00,2022-08-08,3.533333333333333
12:00 - 13:00,2022-08-10,33.13333333333333
12:00 - 13:00,2022-08-11,29.6
12:00 - 13:00,2022-08-12,94.0
12:00 - 13:00,2022-08-13,32.550000000000004
12:00 - 13:00,2022-08-14,34.1
12:00 - 13:00,2022-08-15,59.983333333333334
12:00 - 13:00,2022-08-17,44.0
12:00 - 13:00,2022-08-19,148.05
12:00 - 13:00,2022-08-20,59.983333333333334
12:00 - 13:00,2022-08-26,65.68333333333334
12:00 - 13:00,2022-08-27,23.56666666666667
12:00 - 13:00,2022-08-29,89.53333333333333
12:00 - 13:00,2022-08-31,5.133333333333334
12:00 - 13:00,2022-09-01,39.08333333333333
12:00 - 13:00,2022-09-02,11.633333333333333
12:00 - 13:00,2022-09-09,47.86666666666667
12:00 - 13:00,2022-09-12,23.316666666666666
12:00 - 13:00,2022-09-14,9.2
12:00 - 13:00,2022-09-15,17.116666666666667
12:00 - 13:00,2022-09-16,37.68333333333334
12:00 - 13:00,2022-09-17,13.55
12:00 - 13:00,2022-09-18,19.383333333333333
12:00 - 13:00,2022-09-19,15.85
12:00 - 13:00,2022-09-20,57.53333333333333
12:00 - 13:00,2022-09-23,5.083333333333333
12:00 - 13:00,2022-09-26,44.55
12:00 - 13:00,2022-09-30,36.016666666666666
12:00 - 13:00,2022-10-01,45.53333333333333
12:00 - 13:00,2022-10-07,6.583333333333333
12:00 - 13:00,2022-10-10,1.5666666666666667
12:00 - 13:00,2022-10-11,38.833333333333336
12:00 - 13:00,2022-10-13,29.55
12:00 - 13:00,2022-10-21,28.78333333333333
12:00 - 13:00,2022-10-27,12.75
12:00 - 13:00,2022-10-28,139.2
12:00 - 13:00,2022-10-29,57.55
12:00 - 13:00,2022-10-30,59.983333333333334
12:00 - 13:00,2022-10-31,5.55
12:00 - 13:00,2022-11-05,36.416666666666664
12:00 - 13:00,2022-11-10,5.55
12:00 - 13:00,2022-11-11,16.2
12:00 - 13:00,2022-11-14,56.56666666666666
12:00 - 13:00,2022-11-25,3.1
12:00 - 13:00,2022-11-29,41.5
12:00 - 13:00,2022-11-30,27.5
12:00 - 13:00,2022-12-12,19.0
12:00 - 13:00,2022-12-13,25.6
12:00 - 13:00,2022-12-16,5.0
12:00 - 13:00,2022-12-19,9.0
12:00 - 13:00,2022-12-26,27.0
12:00 - 13:00,2022-12-27,21.383333333333333
12:00 - 13:00,2022-12-30,15.05
13:00 - 14:00,2022-01-29,2.9833333333333334
13:00 - 14:00,2022-01-30,37.68333333333333
13:00 - 14:00,2022-02-12,31.45
13:00 - 14:00,2022-02-25,105.56666666666666
13:00 - 14:00,2022-03-04,3.916666666666667
13:00 - 14:00,2022-03-11,22.416666666666668
13:00 - 14:00,2022-03-25,21.183333333333334
13:00 - 14:00,2022-03-31,4.466666666666667
13:00 - 14:00,2022-04-08,10.583333333333332
13:00 - 14:00,2022-04-15,58.71666666666667
13:00 - 14:00,2022-04-16,14.533333333333333
13:00 - 14:00,2022-04-18,24.116666666666667
13:00 - 14:00,2022-04-19,25.733333333333334
13:00 - 14:00,2022-04-25,1.5333333333333334
13:00 - 14:00,2022-04-29,35.65
13:00 - 14:00,2022-04-30,19.0
13:00 - 14:00,2022-05-01,59.983333333333334
13:00 - 14:00,2022-05-02,22.216666666666665
13:00 - 14:00,2022-05-06,65.18333333333334
13:00 - 14:00,2022-05-07,59.983333333333334
13:00 - 14:00,2022-05-08,59.983333333333334
13:00 - 14:00,2022-05-11,7.316666666666666
13:00 - 14:00,2022-05-12,59.983333333333334
13:00 - 14:00,2022-05-13,49.516666666666666
13:00 - 14:00,2022-05-20,21.15
13:00 - 14:00,2022-05-25,53.733333333333334
13:00 - 14:00,2022-05-27,3.1
13:00 - 14:00,2022-05-28,6.1
13:00 - 14:00,2022-05-29,137.48333333333335
13:00 - 14:00,2022-06-03,44.6
13:00 - 14:00,2022-06-06,32.68333333333334
13:00 - 14:00,2022-06-07,96.71666666666667
13:00 - 14:00,2022-06-09,4.916666666666667
13:00 - 14:00,2022-06-10,34.06666666666666
13:00 - 14:00,2022-06-11,1.1666666666666667
13:00 - 14:00,2022-06-16,27.583333333333336
13:00 - 14:00,2022-06-17,5.533333333333333
13:00 - 14:00,2022-06-20,79.1
13:00 - 14:00,2022-06-24,92.38333333333334
13:00 - 14:00,2022-06-25,2.566666666666667
13:00 - 14:00,2022-06-27,15.516666666666667
13:00 - 14:00,2022-06-28,20.233333333333334
13:00 - 14:00,2022-07-01,120.81666666666666
13:00 - 14:00,2022-07-03,15.15
13:00 - 14:00,2022-07-04,2.55
13:00 - 14:00,2022-07-08,85.96666666666667
13:00 - 14:00,2022-07-10,2.5833333333333335
13:00 - 14:00,2022-07-11,4.6
13:00 - 14:00,2022-07-13,38.55
13:00 - 14:00,2022-07-14,25.1
13:00 - 14:00,2022-07-15,66.63333333333333
13:00 - 14:00,2022-07-16,0.03333333333333333
13:00 - 14:00,2022-07-18,81.1
13:00 - 14:00,2022-07-19,24.983333333333334
13:00 - 14:00,2022-07-21,2.566666666666667
13:00 - 14:00,2022-07-29,85.61666666666666
13:00 - 14:00,2022-08-01,1.5333333333333334
13:00 - 14:00,2022-08-05,59.7
13:00 - 14:00,2022-08-08,25.533333333333335
13:00 - 14:00,2022-08-11,26.616666666666667
13:00 - 14:00,2022-08-12,175.18333333333334
13:00 - 14:00,2022-08-13,44.28333333333333
13:00 - 14:00,2022-08-14,13.283333333333333
13:00 - 14:00,2022-08-15,48.56666666666666
13:00 - 14:00,2022-08-16,1.5333333333333334
13:00 - 14:00,2022-08-17,8.533333333333333
13:00 - 14:00,2022-08-19,93.01666666666667
13:00 - 14:00,2022-08-20,59.983333333333334
13:00 - 14:00,2022-08-22,1.55
13:00 - 14:00,2022-08-25,23.016666666666666
13:00 - 14:00,2022-08-26,150.25
13:00 - 14:00,2022-08-29,60.06666666666666
13:00 - 14:00,2022-09-01,28.900000000000002
13:00 - 14:00,2022-09-02,50.8
13:00 - 14:00,2022-09-07,1.5333333333333334
13:00 - 14:00,2022-09-09,29.400000000000002
13:00 - 14:00,2022-09-15,6.0
13:00 - 14:00,2022-09-16,125.31666666666666
13:00 - 14:00,2022-09-17,2.0
13:00 - 14:00,2022-09-18,38.6
13:00 - 14:00,2022-09-20,38.0
13:00 - 14:00,2022-09-23,35.733333333333334
13:00 - 14:00,2022-09-24,47.53333333333333
13:00 - 14:00,2022-09-25,30.7
13:00 - 14:00,2022-09-26,16.9
13:00 - 14:00,2022-09-30,17.78333333333333
13:00 - 14:00,2022-10-01,94.08333333333333
13:00 - 14:00,2022-10-05,14.0
13:00 - 14:00,2022-10-06,1.55
13:00 - 14:00,2022-10-07,18.183333333333334
13:00 - 14:00,2022-10-13,56.1
13:00 - 14:00,2022-10-14,7.116666666666666
13:00 - 14:00,2022-10-20,20.783333333333335
13:00 - 14:00,2022-10-21,33.68333333333333
13:00 - 14:00,2022-10-28,98.05
13:00 - 14:00,2022-10-29,59.983333333333334
13:00 - 14:00,2022-10-30,87.98333333333333
13:00 - 14:00,2022-10-31,3.55
13:00 - 14:00,2022-11-02,19.15
13:00 - 14:00,2022-11-04,5.683333333333334
13:00 - 14:00,2022-11-10,30.55
13:00 - 14:00,2022-11-11,18.2
13:00 - 14:00,2022-11-14,1.0166666666666666
13:00 - 14:00,2022-11-25,4.633333333333333
13:00 - 14:00,2022-11-29,21.083333333333332
13:00 - 14:00,2022-11-30,59.983333333333334
13:00 - 14:00,2022-12-08,7.533333333333333
13:00 - 14:00,2022-12-16,3.5
13:00 - 14:00,2022-12-20,8.483333333333333
13:00 - 14:00,2022-12-27,17.016666666666666
13:00 - 14:00,2022-12-30,31.53333333333333
14:00 - 15:00,2022-01-05,33.46666666666667
14:00 - 15:00,2022-01-08,46.416666666666664
14:00 - 15:00,2022-01-29,59.983333333333334
14:00 - 15:00,2022-01-30,26.133333333333333
14:00 - 15:00,2022-01-31,17.183333333333334
14:00 - 15:00,2022-02-12,19.533333333333335
14:00 - 15:00,2022-02-18,2.4833333333333334
14:00 - 15:00,2022-02-25,127.55
14:00 - 15:00,2022-03-06,1.4666666666666666
14:00 - 15:00,2022-03-11,2.9166666666666665
14:00 - 15:00,2022-03-18,13.283333333333333
14:00 - 15:00,2022-03-24,25.733333333333334
14:00 - 15:00,2022-03-25,36.6
14:00 - 15:00,2022-03-31,5.933333333333334
14:00 - 15:00,2022-04-08,34.06666666666667
14:00 - 15:00,2022-04-14,40.516666666666666
14:00 - 15:00,2022-04-15,62.18333333333334
14:00 - 15:00,2022-04-18,29.666666666666668
14:00 - 15:00,2022-04-19,5.083333333333333
14:00 - 15:00,2022-04-21,11.05
14:00 - 15:00,2022-04-22,13.033333333333333
14:00 - 15:00,2022-04-25,1.5166666666666666
14:00 - 15:00,2022-04-29,26.733333333333334
14:00 - 15:00,2022-05-01,59.983333333333334
14:00 - 15:00,2022-05-02,1.55
14:00 - 15:00,2022-05-06,153.0
14:00 - 15:00,2022-05-07,59.983333333333334
14:00 - 15:00,2022-05-08,16.566666666666666
14:00 - 15:00,2022-05-12,95.51666666666667
14:00 - 15:00,2022-05-13,26.25
14:00 - 15:00,2022-05-19,62.7
14:00 - 15:00,2022-05-20,129.73333333333335
14:00 - 15:00,2022-05-24,7.1
14:00 - 15:00,2022-05-25,68.21666666666667
14:00 - 15:00,2022-05-27,4.066666666666666
14:00 - 15:00,2022-05-28,4.0
14:00 - 15:00,2022-05-29,93.51666666666667
14:00 - 15:00,2022-06-03,75.25
14:00 - 15:00,2022-06-06,54.26666666666667
14:00 - 15:00,2022-06-07,18.85
14:00 - 15:00,2022-06-08,11.616666666666667
14:00 - 15:00,2022-06-10,66.0
14:00 - 15:00,2022-06-15,13.616666666666667
14:00 - 15:00,2022-06-16,32.333333333333336
14:00 - 15:00,2022-06-17,13.6
14:00 - 15:00,2022-06-20,24.766666666666666
14:00 - 15:00,2022-06-24,123.6
14:00 - 15:00,2022-06-27,78.6
14:00 - 15:00,2022-06-30,14.716666666666667
14:00 - 15:00,2022-07-01,145.45
14:00 - 15:00,2022-07-03,9.583333333333334
14:00 - 15:00,2022-07-04,8.0
14:00 - 15:00,2022-07-07,2.55
14:00 - 15:00,2022-07-08,49.9
14:00 - 15:00,2022-07-11,59.983333333333334
14:00 - 15:00,2022-07-13,22.116666666666667
14:00 - 15:00,2022-07-14,27.233333333333334
14:00 - 15:00,2022-07-15,112.25
14:00 - 15:00,2022-07-16,5.7
14:00 - 15:00,2022-07-18,27.23333333333333
14:00 - 15:00,2022-07-21,18.116666666666667
14:00 - 15:00,2022-07-22,31.633333333333333
14:00 - 15:00,2022-07-25,14.533333333333335
14:00 - 15:00,2022-07-28,3.5166666666666666
14:00 - 15:00,2022-07-29,103.45
14:00 - 15:00,2022-08-01,2.5166666666666666
14:00 - 15:00,2022-08-03,43.516666666666666
14:00 - 15:00,2022-08-04,5.6
14:00 - 15:00,2022-08-05,24.25
14:00 - 15:00,2022-08-10,10.05
14:00 - 15:00,2022-08-11,14.633333333333333
14:00 - 15:00,2022-08-12,93.51666666666667
14:00 - 15:00,2022-08-13,48.06666666666666
14:00 - 15:00,2022-08-14,20.1
14:00 - 15:00,2022-08-15,13.05
14:00 - 15:00,2022-08-17,65.55
14:00 - 15:00,2022-08-18,7.05
14:00 - 15:00,2022-08-19,103.48333333333333
14:00 - 15:00,2022-08-20,59.983333333333334
14:00 - 15:00,2022-08-22,2.533333333333333
14:00 - 15:00,2022-08-24,6.983333333333333
14:00 - 15:00,2022-08-25,44.1
14:00 - 15:00,2022-08-26,122.2
14:00 - 15:00,2022-08-30,1.5166666666666666
14:00 - 15:00,2022-09-02,65.66666666666667
14:00 - 15:00,2022-09-08,4.516666666666667
14:00 - 15:00,2022-09-09,110.78333333333333
14:00 - 15:00,2022-09-16,137.63333333333333
14:00 - 15:00,2022-09-18,36.733333333333334
14:00 - 15:00,2022-09-21,15.816666666666666
14:00 - 15:00,2022-09-23,29.766666666666666
14:00 - 15:00,2022-09-24,59.983333333333334
14:00 - 15:00,2022-09-25,21.266666666666666
14:00 - 15:00,2022-09-26,27.566666666666666
14:00 - 15:00,2022-09-28,21.8
14:00 - 15:00,2022-09-30,49.800000000000004
14:00 - 15:00,2022-10-01,45.36666666666667
14:00 - 15:00,2022-10-05,24.3
14:00 - 15:00,2022-10-06,39.11666666666667
14:00 - 15:00,2022-10-07,32.78333333333333
14:00 - 15:00,2022-10-13,5.033333333333333
14:00 - 15:00,2022-10-14,30.7
14:00 - 15:00,2022-10-20,20.266666666666666
14:00 - 15:00,2022-10-21,46.25
14:00 - 15:00,2022-10-28,74.41666666666667
14:00 - 15:00,2022-10-29,55.33333333333333
14:00 - 15:00,2022-10-30,166.05
14:00 - 15:00,2022-11-03,22.55
14:00 - 15:00,2022-11-04,1.5666666666666667
14:00 - 15:00,2022-11-10,11.166666666666666
14:00 - 15:00,2022-11-11,18.65
14:00 - 15:00,2022-11-25,76.03333333333333
14:00 - 15:00,2022-11-30,1.0
14:00 - 15:00,2022-12-02,41.05
14:00 - 15:00,2022-12-09,11.016666666666667
14:00 - 15:00,2022-12-16,1.5333333333333334
14:00 - 15:00,2022-12-20,59.983333333333334
14:00 - 15:00,2022-12-21,41.483333333333334
14:00 - 15:00,2022-12-27,29.483333333333334
14:00 - 15:00,2022-12-30,104.06666666666666
15:00 - 16:00,2022-01-06,32.983333333333334
15:00 - 16:00,2022-01-13,29.533333333333335
15:00 - 16:00,2022-01-21,37.2
15:00 - 16:00,2022-01-29,1.1833333333333333
15:00 - 16:00,2022-02-15,21.416666666666668
15:00 - 16:00,2022-02-17,3.433333333333333
15:00 - 16:00,2022-02-23,26.416666666666668
15:00 - 16:00,2022-02-24,29.766666666666666
15:00 - 16:00,2022-02-25,109.5
15:00 - 16:00,2022-03-03,36.45
15:00 - 16:00,2022-03-04,4.466666666666667
15:00 - 16:00,2022-03-06,36.11666666666667
15:00 - 16:00,2022-03-09,64.8
15:00 - 16:00,2022-03-14,3.4166666666666665
15:00 - 16:00,2022-03-18,87.0
15:00 - 16:00,2022-03-23,56.83333333333333
15:00 - 16:00,2022-03-24,0.8166666666666667
15:00 - 16:00,2022-03-25,60.53333333333333
15:00 - 16:00,2022-03-29,4.433333333333334
15:00 - 16:00,2022-03-31,6.466666666666667
15:00 - 16:00,2022-04-01,2.45
15:00 - 16:00,2022-04-08,28.216666666666665
15:00 - 16:00,2022-04-12,5.033333333333333
15:00 - 16:00,2022-04-13,11.516666666666667
15:00 - 16:00,2022-04-14,59.983333333333334
15:00 - 16:00,2022-04-15,103.65
15:00 - 16:00,2022-04-18,31.233333333333334
15:00 - 16:00,2022-04-20,35.7
15:00 - 16:00,2022-04-21,9.366666666666667
15:00 - 16:00,2022-04-22,8.0
15:00 - 16:00,2022-04-24,4.583333333333333
15:00 - 16:00,2022-04-26,3.5166666666666666
15:00 - 16:00,2022-04-29,48.766666666666666
15:00 - 16:00,2022-05-01,57.85
15:00 - 16:00,2022-05-03,8.166666666666666
15:00 - 16:00,2022-05-04,20.316666666666666
15:00 - 16:00,2022-05-05,4.116666666666667
15:00 - 16:00,2022-05-06,199.55
15:00 - 16:00,2022-05-07,43.03333333333333
15:00 - 16:00,2022-05-12,80.81666666666666
15:00 - 16:00,2022-05-13,20.233333333333334
15:00 - 16:00,2022-05-17,4.55
15:00 - 16:00,2022-05-18,47.85
15:00 - 16:00,2022-05-19,94.63333333333334
15:00 - 16:00,2022-05-20,53.15
15:00 - 16:00,2022-05-23,5.516666666666667
15:00 - 16:00,2022-05-24,5.533333333333333
15:00 - 16:00,2022-05-25,172.08333333333334
15:00 - 16:00,2022-05-29,99.55
15:00 - 16:00,2022-06-03,144.25
15:00 - 16:00,2022-06-06,14.133333333333333
15:00 - 16:00,2022-06-08,75.26666666666667
15:00 - 16:00,2022-06-09,13.516666666666667
15:00 - 16:00,2022-06-10,82.71666666666667
15:00 - 16:00,2022-06-12,7.1499999999999995
15:00 - 16:00,2022-06-15,18.1
15:00 - 16:00,2022-06-16,32.78333333333333
15:00 - 16:00,2022-06-17,60.21666666666666
15:00 - 16:00,2022-06-20,1.5333333333333334
15:00 - 16:00,2022-06-22,21.06666666666667
15:00 - 16:00,2022-06-23,9.55
15:00 - 16:00,2022-06-24,103.66666666666667
15:00 - 16:00,2022-06-27,155.2
15:00 - 16:00,2022-06-30,17.766666666666666
15:00 - 16:00,2022-07-01,162.53333333333333
15:00 - 16:00,2022-07-05,3.0833333333333335
15:00 - 16:00,2022-07-06,6.1
15:00 - 16:00,2022-07-07,31.21666666666667
15:00 - 16:00,2022-07-08,105.96666666666667
15:00 - 16:00,2022-07-11,60.516666666666666
15:00 - 16:00,2022-07-13,1.5333333333333334
15:00 - 16:00,2022-07-14,30.21666666666667
15:00 - 16:00,2022-07-15,74.3
15:00 - 16:00,2022-07-21,4.533333333333333
15:00 - 16:00,2022-07-22,68.91666666666667
15:00 - 16:00,2022-07-25,1.5166666666666666
15:00 - 16:00,2022-07-29,32.43333333333334
15:00 - 16:00,2022-08-01,3.0
15:00 - 16:00,2022-08-03,0.3333333333333333
15:00 - 16:00,2022-08-05,76.25
15:00 - 16:00,2022-08-10,30.15
15:00 - 16:00,2022-08-11,5.533333333333333
15:00 - 16:00,2022-08-12,109.55
15:00 - 16:00,2022-08-14,1.5666666666666667
15:00 - 16:00,2022-08-15,15.583333333333334
15:00 - 16:00,2022-08-17,36.6
15:00 - 16:00,2022-08-18,20.066666666666666
15:00 - 16:00,2022-08-19,95.21666666666667
15:00 - 16:00,2022-08-20,59.983333333333334
15:00 - 16:00,2022-08-24,34.6
15:00 - 16:00,2022-08-26,86.21666666666667
15:00 - 16:00,2022-08-30,4.483333333333333
15:00 - 16:00,2022-08-31,9.233333333333334
15:00 - 16:00,2022-09-01,3.5
15:00 - 16:00,2022-09-02,106.43333333333332
15:00 - 16:00,2022-09-07,8.05
15:00 - 16:00,2022-09-08,83.44999999999999
15:00 - 16:00,2022-09-09,136.48333333333335
15:00 - 16:00,2022-09-12,13.05
15:00 - 16:00,2022-09-14,22.733333333333334
15:00 - 16:00,2022-09-15,34.28333333333333
15:00 - 16:00,2022-09-16,243.18333333333334
15:00 - 16:00,2022-09-18,26.716666666666665
15:00 - 16:00,2022-09-20,12.05
15:00 - 16:00,2022-09-21,12.066666666666666
15:00 - 16:00,2022-09-23,65.75
15:00 - 16:00,2022-09-24,59.983333333333334
15:00 - 16:00,2022-09-25,21.533333333333335
15:00 - 16:00,2022-09-28,33.25
15:00 - 16:00,2022-09-29,8.633333333333333
15:00 - 16:00,2022-09-30,148.68333333333334
15:00 - 16:00,2022-10-06,19.8
15:00 - 16:00,2022-10-07,100.9
15:00 - 16:00,2022-10-11,46.05
15:00 - 16:00,2022-10-12,10.566666666666666
15:00 - 16:00,2022-10-13,37.61666666666667
15:00 - 16:00,2022-10-14,104.68333333333334
15:00 - 16:00,2022-10-17,4.15
15:00 - 16:00,2022-10-19,34.03333333333333
15:00 - 16:00,2022-10-20,28.333333333333336
15:00 - 16:00,2022-10-21,107.16666666666667
15:00 - 16:00,2022-10-24,20.78333333333333
15:00 - 16:00,2022-10-25,9.1
15:00 - 16:00,2022-10-26,33.4
15:00 - 16:00,2022-10-27,1.5333333333333334
15:00 - 16:00,2022-10-28,60.23333333333333
15:00 - 16:00,2022-10-29,44.45
15:00 - 16:00,2022-10-30,111.51666666666667
15:00 - 16:00,2022-10-31,11.7
15:00 - 16:00,2022-11-02,17.116666666666667
15:00 - 16:00,2022-11-03,22.65
15:00 - 16:00,2022-11-04,26.683333333333334
15:00 - 16:00,2022-11-10,21.233333333333334
15:00 - 16:00,2022-11-11,37.766666666666666
15:00 - 16:00,2022-11-16,2.566666666666667
15:00 - 16:00,2022-11-17,1.45
15:00 - 16:00,2022-11-18,42.333333333333336
15:00 - 16:00,2022-11-23,40.16666666666667
15:00 - 16:00,2022-11-24,9.166666666666668
15:00 - 16:00,2022-11-25,44.3
15:00 - 16:00,2022-11-27,3.55
15:00 - 16:00,2022-11-29,12.416666666666668
15:00 - 16:00,2022-12-01,4.5
15:00 - 16:00,2022-12-02,27.083333333333336
15:00 - 16:00,2022-12-05,11.6
15:00 - 16:00,2022-12-09,38.650000000000006
15:00 - 16:00,2022-12-11,6.55
15:00 - 16:00,2022-12-12,27.5
15:00 - 16:00,2022-12-13,2.5
15:00 - 16:00,2022-12-14,0.48333333333333334
15:00 - 16:00,2022-12-15,5.483333333333333
15:00 - 16:00,2022-12-16,26.5
15:00 - 16:00,2022-12-20,60.43333333333334
15:00 - 16:00,2022-12-21,53.45
15:00 - 16:00,2022-12-22,19.366666666666667
15:00 - 16:00,2022-12-23,3.466666666666667
15:00 - 16:00,2022-12-26,2.5166666666666666
15:00 - 16:00,2022-12-27,75.55
15:00 - 16:00,2022-12-30,87.6
16:00 - 17:00,2022-01-06,59.983333333333334
16:00 - 17:00,2022-01-13,13.816666666666666
16:00 - 17:00,2022-01-19,55.883333333333326
16:00 - 17:00,2022-01-28,43.983333333333334
16:00 - 17:00,2022-01-29,5.183333333333334
16:00 - 17:00,2022-01-31,34.166666666666664
16:00 - 17:00,2022-02-02,2.9
16:00 - 17:00,2022-02-03,9.916666666666666
16:00 - 17:00,2022-02-08,16.416666666666668
16:00 - 17:00,2022-02-11,19.833333333333332
16:00 - 17:00,2022-02-15,63.28333333333333
16:00 - 17:00,2022-02-16,37.2
16:00 - 17:00,2022-02-17,49.0
16:00 - 17:00,2022-02-18,16.933333333333334
16:00 - 17:00,2022-02-22,20.266666666666666
16:00 - 17:00,2022-02-23,68.21666666666667
16:00 - 17:00,2022-02-24,16.416666666666668
16:00 - 17:00,2022-02-25,121.81666666666666
16:00 - 17:00,2022-03-02,59.166666666666664
16:00 - 17:00,2022-03-03,59.983333333333334
16:00 - 17:00,2022-03-08,65.1
16:00 - 17:00,2022-03-09,43.199999999999996
16:00 - 17:00,2022-03-10,35.45
16:00 - 17:00,2022-03-11,9.35
16:00 - 17:00,2022-03-14,34.0
16:00 - 17:00,2022-03-17,19.633333333333333
16:00 - 17:00,2022-03-18,60.05
16:00 - 17:00,2022-03-22,49.0
16:00 - 17:00,2022-03-23,118.36666666666667
16:00 - 17:00,2022-03-24,79.75
16:00 - 17:00,2022-03-25,73.85
16:00 - 17:00,2022-03-29,40.46666666666667
16:00 - 17:00,2022-03-30,17.316666666666666
16:00 - 17:00,2022-03-31,87.71666666666667
16:00 - 17:00,2022-04-01,9.916666666666668
16:00 - 17:00,2022-04-04,31.733333333333334
16:00 - 17:00,2022-04-05,96.1
16:00 - 17:00,2022-04-07,57.15
16:00 - 17:00,2022-04-08,32.7
16:00 - 17:00,2022-04-11,35.13333333333333
16:00 - 17:00,2022-04-12,140.86666666666667
16:00 - 17:00,2022-04-13,105.43333333333334
16:00 - 17:00,2022-04-14,96.46666666666667
16:00 - 17:00,2022-04-15,115.38333333333334
16:00 - 17:00,2022-04-18,70.91666666666667
16:00 - 17:00,2022-04-19,17.55
16:00 - 17:00,2022-04-20,133.96666666666667
16:00 - 17:00,2022-04-21,113.43333333333334
16:00 - 17:00,2022-04-22,74.23333333333333
16:00 - 17:00,2022-04-25,87.5
16:00 - 17:00,2022-04-26,55.36666666666667
16:00 - 17:00,2022-04-28,79.95
16:00 - 17:00,2022-04-29,20.566666666666666
16:00 - 17:00,2022-05-01,53.55
16:00 - 17:00,2022-05-02,13.2
16:00 - 17:00,2022-05-03,54.95
16:00 - 17:00,2022-05-04,69.36666666666666
16:00 - 17:00,2022-05-05,53.36666666666667
16:00 - 17:00,2022-05-06,193.43333333333334
16:00 - 17:00,2022-05-09,20.71666666666667
16:00 - 17:00,2022-05-10,25.650000000000002
16:00 - 17:00,2022-05-11,31.266666666666666
16:00 - 17:00,2022-05-12,33.85
16:00 - 17:00,2022-05-13,41.95
16:00 - 17:00,2022-05-16,19.516666666666666
16:00 - 17:00,2022-05-17,86.11666666666667
16:00 - 17:00,2022-05-18,85.45
16:00 - 17:00,2022-05-19,189.35
16:00 - 17:00,2022-05-20,18.066666666666666
16:00 - 17:00,2022-05-23,29.583333333333336
16:00 - 17:00,2022-05-24,71.86666666666666
16:00 - 17:00,2022-05-25,277.21666666666664
16:00 - 17:00,2022-05-29,62.83333333333333
16:00 - 17:00,2022-05-30,20.666666666666664
16:00 - 17:00,2022-05-31,38.56666666666667
16:00 - 17:00,2022-06-01,57.733333333333334
16:00 - 17:00,2022-06-02,70.58333333333333
16:00 - 17:00,2022-06-03,165.1
16:00 - 17:00,2022-06-06,22.566666666666666
16:00 - 17:00,2022-06-07,45.7
16:00 - 17:00,2022-06-08,190.35
16:00 - 17:00,2022-06-09,94.78333333333333
16:00 - 17:00,2022-06-10,135.16666666666666
16:00 - 17:00,2022-06-13,11.05
16:00 - 17:00,2022-06-14,43.68333333333333
16:00 - 17:00,2022-06-15,70.71666666666667
16:00 - 17:00,2022-06-16,89.4
16:00 - 17:00,2022-06-17,77.18333333333334
16:00 - 17:00,2022-06-20,32.15
16:00 - 17:00,2022-06-21,72.63333333333334
16:00 - 17:00,2022-06-22,9.533333333333333
16:00 - 17:00,2022-06-23,134.56666666666666
16:00 - 17:00,2022-06-24,32.3
16:00 - 17:00,2022-06-27,159.93333333333334
16:00 - 17:00,2022-06-28,43.16666666666667
16:00 - 17:00,2022-06-29,63.166666666666664
16:00 - 17:00,2022-06-30,58.766666666666666
16:00 - 17:00,2022-07-01,230.15
16:00 - 17:00,2022-07-04,31.733333333333334
16:00 - 17:00,2022-07-05,168.5
16:00 - 17:00,2022-07-06,74.18333333333334
16:00 - 17:00,2022-07-07,65.46666666666667
16:00 - 17:00,2022-07-08,67.8
16:00 - 17:00,2022-07-11,93.5
16:00 - 17:00,2022-07-12,15.233333333333333
16:00 - 17:00,2022-07-13,58.25
16:00 - 17:00,2022-07-14,91.56666666666666
16:00 - 17:00,2022-07-15,82.25
16:00 - 17:00,2022-07-21,15.716666666666667
16:00 - 17:00,2022-07-22,56.86666666666667
16:00 - 17:00,2022-07-26,8.966666666666667
16:00 - 17:00,2022-07-29,14.5
16:00 - 17:00,2022-08-01,11.5
16:00 - 17:00,2022-08-03,21.5
16:00 - 17:00,2022-08-05,50.1
16:00 - 17:00,2022-08-10,81.86666666666666
16:00 - 17:00,2022-08-12,143.45
16:00 - 17:00,2022-08-17,30.53333333333333
16:00 - 17:00,2022-08-18,13.716666666666665
16:00 - 17:00,2022-08-19,59.983333333333334
16:00 - 17:00,2022-08-20,59.983333333333334
16:00 - 17:00,2022-08-24,1.5166666666666666
16:00 - 17:00,2022-08-25,1.5166666666666666
16:00 - 17:00,2022-08-26,47.95
16:00 - 17:00,2022-08-29,1.55
16:00 - 17:00,2022-08-30,101.95
16:00 - 17:00,2022-08-31,44.766666666666666
16:00 - 17:00,2022-09-01,112.21666666666667
16:00 - 17:00,2022-09-02,78.0
16:00 - 17:00,2022-09-05,15.533333333333333
16:00 - 17:00,2022-09-06,59.83333333333333
16:00 - 17:00,2022-09-07,57.75
16:00 - 17:00,2022-09-08,76.56666666666666
16:00 - 17:00,2022-09-09,86.58333333333334
16:00 - 17:00,2022-09-12,64.2
16:00 - 17:00,2022-09-13,36.11666666666667
16:00 - 17:00,2022-09-14,66.98333333333333
16:00 - 17:00,2022-09-15,125.41666666666667
16:00 - 17:00,2022-09-16,257.26666666666665
16:00 - 17:00,2022-09-18,28.583333333333336
16:00 - 17:00,2022-09-19,62.21666666666667
16:00 - 17:00,2022-09-20,50.68333333333334
16:00 - 17:00,2022-09-21,57.16666666666667
16:00 - 17:00,2022-09-22,74.98333333333333
16:00 - 17:00,2022-09-23,116.21666666666667
16:00 - 17:00,2022-09-24,64.6
16:00 - 17:00,2022-09-25,34.0
16:00 - 17:00,2022-09-26,49.483333333333334
16:00 - 17:00,2022-09-27,71.15
16:00 - 17:00,2022-09-28,168.16666666666669
16:00 - 17:00,2022-09-29,91.38333333333334
16:00 - 17:00,2022-09-30,260.93333333333334
16:00 - 17:00,2022-10-02,29.1
16:00 - 17:00,2022-10-03,45.81666666666667
16:00 - 17:00,2022-10-04,84.08333333333333
16:00 - 17:00,2022-10-05,83.05
16:00 - 17:00,2022-10-06,86.41666666666667
16:00 - 17:00,2022-10-07,123.75
16:00 - 17:00,2022-10-09,2.5833333333333335
16:00 - 17:00,2022-10-10,106.98333333333333
16:00 - 17:00,2022-10-11,111.03333333333333
16:00 - 17:00,2022-10-12,82.73333333333333
16:00 - 17:00,2022-10-13,172.61666666666667
16:00 - 17:00,2022-10-14,99.21666666666667
16:00 - 17:00,2022-10-17,21.700000000000003
16:00 - 17:00,2022-10-18,87.73333333333333
16:00 - 17:00,2022-10-19,139.25
16:00 - 17:00,2022-10-20,147.2
16:00 - 17:00,2022-10-21,189.03333333333333
16:00 - 17:00,2022-10-24,5.533333333333333
16:00 - 17:00,2022-10-25,21.25
16:00 - 17:00,2022-10-26,50.18333333333333
16:00 - 17:00,2022-10-27,64.25
16:00 - 17:00,2022-10-28,73.31666666666666
16:00 - 17:00,2022-10-29,10.566666666666668
16:00 - 17:00,2022-10-30,127.83333333333334
16:00 - 17:00,2022-10-31,83.08333333333333
16:00 - 17:00,2022-11-01,55.81666666666667
16:00 - 17:00,2022-11-02,99.05
16:00 - 17:00,2022-11-03,150.55
16:00 - 17:00,2022-11-04,126.38333333333333
16:00 - 17:00,2022-11-06,33.56666666666667
16:00 - 17:00,2022-11-07,64.85
16:00 - 17:00,2022-11-08,90.28333333333333
16:00 - 17:00,2022-11-09,87.48333333333333
16:00 - 17:00,2022-11-10,85.03333333333333
16:00 - 17:00,2022-11-11,19.65
16:00 - 17:00,2022-11-14,42.81666666666666
16:00 - 17:00,2022-11-15,90.15
16:00 - 17:00,2022-11-16,79.81666666666666
16:00 - 17:00,2022-11-17,104.25
16:00 - 17:00,2022-11-18,145.56666666666666
16:00 - 17:00,2022-11-21,69.81666666666666
16:00 - 17:00,2022-11-22,85.46666666666667
16:00 - 17:00,2022-11-23,179.05
16:00 - 17:00,2022-11-24,133.85
16:00 - 17:00,2022-11-25,105.11666666666666
16:00 - 17:00,2022-11-27,37.4
16:00 - 17:00,2022-11-28,59.349999999999994
16:00 - 17:00,2022-11-29,32.11666666666667
16:00 - 17:00,2022-11-30,38.21666666666667
16:00 - 17:00,2022-12-01,125.98333333333333
16:00 - 17:00,2022-12-02,20.616666666666667
16:00 - 17:00,2022-12-05,159.05
16:00 - 17:00,2022-12-06,94.7
16:00 - 17:00,2022-12-07,63.25
16:00 - 17:00,2022-12-08,53.650000000000006
16:00 - 17:00,2022-12-09,94.8
16:00 - 17:00,2022-12-11,59.983333333333334
16:00 - 17:00,2022-12-12,59.483333333333334
16:00 - 17:00,2022-12-13,61.06666666666667
16:00 - 17:00,2022-12-14,134.5
16:00 - 17:00,2022-12-15,127.91666666666667
16:00 - 17:00,2022-12-16,42.05
16:00 - 17:00,2022-12-19,40.9
16:00 - 17:00,2022-12-20,157.61666666666667
16:00 - 17:00,2022-12-21,45.95
16:00 - 17:00,2022-12-22,98.93333333333334
16:00 - 17:00,2022-12-23,65.95
16:00 - 17:00,2022-12-30,65.16666666666667
17:00 - 18:00,2022-01-06,59.983333333333334
17:00 - 18:00,2022-01-18,3.3
17:00 - 18:00,2022-01-19,108.38333333333333
17:00 - 18:00,2022-01-25,23.633333333333333
17:00 - 18:00,2022-01-28,79.45
17:00 - 18:00,2022-01-31,2.2
17:00 - 18:00,2022-02-02,7.3500000000000005
17:00 - 18:00,2022-02-03,15.683333333333334
17:00 - 18:00,2022-02-04,11.899999999999999
17:00 - 18:00,2022-02-08,76.05
17:00 - 18:00,2022-02-11,43.983333333333334
17:00 - 18:00,2022-02-14,13.766666666666667
17:00 - 18:00,2022-02-15,71.5
17:00 - 18:00,2022-02-16,109.21666666666667
17:00 - 18:00,2022-02-17,16.433333333333334
17:00 - 18:00,2022-02-18,95.33333333333334
17:00 - 18:00,2022-02-21,16.166666666666668
17:00 - 18:00,2022-02-22,157.38333333333333
17:00 - 18:00,2022-02-23,113.80000000000001
17:00 - 18:00,2022-02-24,47.38333333333333
17:00 - 18:00,2022-02-25,139.73333333333335
17:00 - 18:00,2022-03-02,31.083333333333336
17:00 - 18:00,2022-03-03,101.15
17:00 - 18:00,2022-03-04,2.45
17:00 - 18:00,2022-03-08,99.53333333333333
17:00 - 18:00,2022-03-09,65.38333333333333
17:00 - 18:00,2022-03-10,66.05
17:00 - 18:00,2022-03-11,5.866666666666667
17:00 - 18:00,2022-03-14,10.733333333333333
17:00 - 18:00,2022-03-15,16.933333333333334
17:00 - 18:00,2022-03-16,18.21666666666667
17:00 - 18:00,2022-03-17,95.2
17:00 - 18:00,2022-03-18,46.88333333333333
17:00 - 18:00,2022-03-21,28.416666666666668
17:00 - 18:00,2022-03-22,161.86666666666667
17:00 - 18:00,2022-03-23,140.55
17:00 - 18:00,2022-03-24,144.13333333333333
17:00 - 18:00,2022-03-25,30.799999999999997
17:00 - 18:00,2022-03-28,39.983333333333334
17:00 - 18:00,2022-03-29,107.46666666666667
17:00 - 18:00,2022-03-30,98.93333333333334
17:00 - 18:00,2022-03-31,157.06666666666666
17:00 - 18:00,2022-04-01,1.4833333333333334
17:00 - 18:00,2022-04-04,106.61666666666667
17:00 - 18:00,2022-04-05,193.63333333333333
17:00 - 18:00,2022-04-06,130.81666666666666
17:00 - 18:00,2022-04-07,89.4
17:00 - 18:00,2022-04-08,27.616666666666667
17:00 - 18:00,2022-04-11,97.8
17:00 - 18:00,2022-04-12,205.65
17:00 - 18:00,2022-04-13,149.81666666666666
17:00 - 18:00,2022-04-14,110.45
17:00 - 18:00,2022-04-15,9.066666666666666
17:00 - 18:00,2022-04-18,72.18333333333334
17:00 - 18:00,2022-04-19,71.11666666666667
17:00 - 18:00,2022-04-20,185.03333333333333
17:00 - 18:00,2022-04-21,205.73333333333335
17:00 - 18:00,2022-04-22,46.66666666666667
17:00 - 18:00,2022-04-25,109.28333333333333
17:00 - 18:00,2022-04-26,110.56666666666666
17:00 - 18:00,2022-04-28,67.85
17:00 - 18:00,2022-04-29,21.1
17:00 - 18:00,2022-05-01,59.983333333333334
17:00 - 18:00,2022-05-02,39.13333333333333
17:00 - 18:00,2022-05-03,16.25
17:00 - 18:00,2022-05-04,80.25
17:00 - 18:00,2022-05-06,169.53333333333333
17:00 - 18:00,2022-05-09,62.166666666666664
17:00 - 18:00,2022-05-10,122.6
17:00 - 18:00,2022-05-11,98.9
17:00 - 18:00,2022-05-12,128.53333333333333
17:00 - 18:00,2022-05-13,111.11666666666667
17:00 - 18:00,2022-05-16,82.58333333333334
17:00 - 18:00,2022-05-17,208.45
17:00 - 18:00,2022-05-18,165.23333333333335
17:00 - 18:00,2022-05-19,163.5
17:00 - 18:00,2022-05-20,9.6
17:00 - 18:00,2022-05-23,116.28333333333333
17:00 - 18:00,2022-05-24,169.56666666666666
17:00 - 18:00,2022-05-25,248.33333333333334
17:00 - 18:00,2022-05-30,44.65
17:00 - 18:00,2022-05-31,108.5
17:00 - 18:00,2022-06-01,118.66666666666666
17:00 - 18:00,2022-06-02,212.1
17:00 - 18:00,2022-06-03,191.38333333333333
17:00 - 18:00,2022-06-06,9.366666666666667
17:00 - 18:00,2022-06-07,83.9
17:00 - 18:00,2022-06-08,188.28333333333333
17:00 - 18:00,2022-06-09,150.76666666666668
17:00 - 18:00,2022-06-10,106.83333333333333
17:00 - 18:00,2022-06-13,41.083333333333336
17:00 - 18:00,2022-06-14,102.93333333333334
17:00 - 18:00,2022-06-15,112.8
17:00 - 18:00,2022-06-16,166.3
17:00 - 18:00,2022-06-17,93.16666666666667
17:00 - 18:00,2022-06-20,70.36666666666666
17:00 - 18:00,2022-06-21,93.2
17:00 - 18:00,2022-06-22,87.06666666666666
17:00 - 18:00,2022-06-23,161.91666666666666
17:00 - 18:00,2022-06-24,9.616666666666667
17:00 - 18:00,2022-06-27,121.60000000000001
17:00 - 18:00,2022-06-28,97.56666666666666
17:00 - 18:00,2022-06-29,40.85
17:00 - 18:00,2022-06-30,73.7
17:00 - 18:00,2022-07-01,80.35
17:00 - 18:00,2022-07-04,37.53333333333333
17:00 - 18:00,2022-07-05,208.95
17:00 - 18:00,2022-07-06,125.21666666666667
17:00 - 18:00,2022-07-07,125.2
17:00 - 18:00,2022-07-08,31.133333333333333
17:00 - 18:00,2022-07-11,104.73333333333333
17:00 - 18:00,2022-07-12,31.4
17:00 - 18:00,2022-07-13,59.28333333333333
17:00 - 18:00,2022-07-14,150.33333333333334
17:00 - 18:00,2022-07-15,128.41666666666666
17:00 - 18:00,2022-07-20,2.5833333333333335
17:00 - 18:00,2022-07-21,84.41666666666666
17:00 - 18:00,2022-07-26,52.46666666666667
17:00 - 18:00,2022-07-27,3.5
17:00 - 18:00,2022-08-01,37.0
17:00 - 18:00,2022-08-03,34.45
17:00 - 18:00,2022-08-05,2.5
17:00 - 18:00,2022-08-10,85.01666666666667
17:00 - 18:00,2022-08-11,43.53333333333333
17:00 - 18:00,2022-08-12,48.66666666666667
17:00 - 18:00,2022-08-17,52.483333333333334
17:00 - 18:00,2022-08-18,59.983333333333334
17:00 - 18:00,2022-08-19,59.983333333333334
17:00 - 18:00,2022-08-20,2.75
17:00 - 18:00,2022-08-23,19.03333333333333
17:00 - 18:00,2022-08-24,11.033333333333333
17:00 - 18:00,2022-08-25,9.016666666666666
17:00 - 18:00,2022-08-26,54.28333333333333
17:00 - 18:00,2022-08-29,2.4833333333333334
17:00 - 18:00,2022-08-30,199.5
17:00 - 18:00,2022-08-31,58.25
17:00 - 18:00,2022-09-01,99.25
17:00 - 18:00,2022-09-02,39.28333333333333
17:00 - 18:00,2022-09-05,103.73333333333333
17:00 - 18:00,2022-09-06,162.88333333333333
17:00 - 18:00,2022-09-07,85.73333333333333
17:00 - 18:00,2022-09-08,148.83333333333334
17:00 - 18:00,2022-09-09,135.08333333333334
17:00 - 18:00,2022-09-12,137.8
17:00 - 18:00,2022-09-13,113.01666666666667
17:00 - 18:00,2022-09-14,80.9
17:00 - 18:00,2022-09-15,228.23333333333332
17:00 - 18:00,2022-09-16,133.78333333333333
17:00 - 18:00,2022-09-18,48.0
17:00 - 18:00,2022-09-19,96.11666666666667
17:00 - 18:00,2022-09-20,148.51666666666665
17:00 - 18:00,2022-09-21,98.61666666666666
17:00 - 18:00,2022-09-22,188.1
17:00 - 18:00,2022-09-23,159.68333333333334
17:00 - 18:00,2022-09-26,118.5
17:00 - 18:00,2022-09-27,122.11666666666666
17:00 - 18:00,2022-09-28,147.75
17:00 - 18:00,2022-09-29,211.91666666666666
17:00 - 18:00,2022-09-30,238.75
17:00 - 18:00,2022-10-03,93.25
17:00 - 18:00,2022-10-04,130.66666666666666
17:00 - 18:00,2022-10-05,66.06666666666666
17:00 - 18:00,2022-10-06,138.08333333333334
17:00 - 18:00,2022-10-07,48.86666666666667
17:00 - 18:00,2022-10-09,27.733333333333334
17:00 - 18:00,2022-10-10,135.5
17:00 - 18:00,2022-10-11,217.76666666666665
17:00 - 18:00,2022-10-12,92.73333333333333
17:00 - 18:00,2022-10-13,177.4
17:00 - 18:00,2022-10-14,71.13333333333333
17:00 - 18:00,2022-10-17,47.05
17:00 - 18:00,2022-10-18,148.93333333333334
17:00 - 18:00,2022-10-19,188.55
17:00 - 18:00,2022-10-20,277.7
17:00 - 18:00,2022-10-21,156.18333333333334
17:00 - 18:00,2022-10-24,29.366666666666667
17:00 - 18:00,2022-10-25,62.75
17:00 - 18:00,2022-10-26,97.41666666666667
17:00 - 18:00,2022-10-27,48.916666666666664
17:00 - 18:00,2022-10-28,79.9
17:00 - 18:00,2022-10-30,88.33333333333334
17:00 - 18:00,2022-10-31,168.4
17:00 - 18:00,2022-11-01,130.33333333333334
17:00 - 18:00,2022-11-02,101.35
17:00 - 18:00,2022-11-03,238.6
17:00 - 18:00,2022-11-04,159.91666666666666
17:00 - 18:00,2022-11-06,3.3333333333333335
17:00 - 18:00,2022-11-07,109.23333333333333
17:00 - 18:00,2022-11-08,226.56666666666666
17:00 - 18:00,2022-11-09,113.65
17:00 - 18:00,2022-11-10,179.56666666666666
17:00 - 18:00,2022-11-11,6.616666666666666
17:00 - 18:00,2022-11-14,134.98333333333332
17:00 - 18:00,2022-11-15,249.96666666666667
17:00 - 18:00,2022-11-16,190.58333333333334
17:00 - 18:00,2022-11-17,180.51666666666668
17:00 - 18:00,2022-11-18,122.8
17:00 - 18:00,2022-11-21,67.63333333333333
17:00 - 18:00,2022-11-22,180.71666666666667
17:00 - 18:00,2022-11-23,195.81666666666666
17:00 - 18:00,2022-11-24,142.68333333333334
17:00 - 18:00,2022-11-25,23.683333333333334
17:00 - 18:00,2022-11-27,8.0
17:00 - 18:00,2022-11-28,137.58333333333334
17:00 - 18:00,2022-11-29,26.633333333333333
17:00 - 18:00,2022-11-30,149.16666666666666
17:00 - 18:00,2022-12-01,259.65
17:00 - 18:00,2022-12-02,42.56666666666667
17:00 - 18:00,2022-12-05,113.9
17:00 - 18:00,2022-12-06,144.56666666666666
17:00 - 18:00,2022-12-07,118.63333333333334
17:00 - 18:00,2022-12-08,103.1
17:00 - 18:00,2022-12-09,76.68333333333334
17:00 - 18:00,2022-12-11,4.0
17:00 - 18:00,2022-12-12,115.96666666666667
17:00 - 18:00,2022-12-13,140.11666666666667
17:00 - 18:00,2022-12-14,127.48333333333333
17:00 - 18:00,2022-12-15,189.48333333333335
17:00 - 18:00,2022-12-16,53.4
17:00 - 18:00,2022-12-19,59.43333333333334
17:00 - 18:00,2022-12-20,181.78333333333333
17:00 - 18:00,2022-12-21,120.35000000000001
17:00 - 18:00,2022-12-22,76.95
17:00 - 18:00,2022-12-23,20.633333333333333
17:00 - 18:00,2022-12-28,13.5
17:00 - 18:00,2022-12-29,14.5
17:00 - 18:00,2022-12-30,30.516666666666666
18:00 - 19:00,2022-01-06,2.0
18:00 - 19:00,2022-01-12,36.983333333333334
18:00 - 19:00,2022-01-18,30.0
18:00 - 19:00,2022-01-19,47.983333333333334
18:00 - 19:00,2022-01-25,59.983333333333334
18:00 - 19:00,2022-01-28,25.43333333333333
18:00 - 19:00,2022-02-08,1.4666666666666666
18:00 - 19:00,2022-02-15,22.783333333333335
18:00 - 19:00,2022-02-16,57.38333333333333
18:00 - 19:00,2022-02-17,4.433333333333334
18:00 - 19:00,2022-02-18,17.483333333333334
18:00 - 19:00,2022-02-22,89.11666666666667
18:00 - 19:00,2022-02-23,10.033333333333333
18:00 - 19:00,2022-02-24,1.4333333333333333
18:00 - 19:00,2022-02-25,35.233333333333334
18:00 - 19:00,2022-03-03,12.466666666666667
18:00 - 19:00,2022-03-08,8.016666666666667
18:00 - 19:00,2022-03-09,10.033333333333333
18:00 - 19:00,2022-03-10,53.14999999999999
18:00 - 19:00,2022-03-17,70.0
18:00 - 19:00,2022-03-22,23.883333333333333
18:00 - 19:00,2022-03-23,54.166666666666664
18:00 - 19:00,2022-03-24,34.083333333333336
18:00 - 19:00,2022-03-31,40.36666666666667
18:00 - 19:00,2022-04-04,17.483333333333334
18:00 - 19:00,2022-04-05,60.85
18:00 - 19:00,2022-04-06,40.233333333333334
18:00 - 19:00,2022-04-08,1.0
18:00 - 19:00,2022-04-11,13.533333333333333
18:00 - 19:00,2022-04-12,66.83333333333333
18:00 - 19:00,2022-04-13,38.18333333333334
18:00 - 19:00,2022-04-14,39.66666666666667
18:00 - 19:00,2022-04-18,25.166666666666668
18:00 - 19:00,2022-04-19,9.533333333333333
18:00 - 19:00,2022-04-20,51.28333333333333
18:00 - 19:00,2022-04-21,67.43333333333334
18:00 - 19:00,2022-04-25,9.616666666666667
18:00 - 19:00,2022-04-26,22.65
18:00 - 19:00,2022-04-28,8.0
18:00 - 19:00,2022-05-01,41.2
18:00 - 19:00,2022-05-06,96.66666666666667
18:00 - 19:00,2022-05-09,4.066666666666666
18:00 - 19:00,2022-05-10,23.116666666666667
18:00 - 19:00,2022-05-11,29.56666666666667
18:00 - 19:00,2022-05-12,42.88333333333333
18:00 - 19:00,2022-05-13,68.73333333333333
18:00 - 19:00,2022-05-17,25.183333333333334
18:00 - 19:00,2022-05-18,42.900000000000006
18:00 - 19:00,2022-05-19,35.333333333333336
18:00 - 19:00,2022-05-20,0.06666666666666667
18:00 - 19:00,2022-05-23,23.55
18:00 - 19:00,2022-05-24,64.66666666666667
18:00 - 19:00,2022-05-25,148.43333333333334
18:00 - 19:00,2022-05-31,1.5333333333333334
18:00 - 19:00,2022-06-01,39.55
18:00 - 19:00,2022-06-02,55.46666666666667
18:00 - 19:00,2022-06-03,87.78333333333333
18:00 - 19:00,2022-06-07,12.0
18:00 - 19:00,2022-06-08,72.83333333333334
18:00 - 19:00,2022-06-09,54.833333333333336
18:00 - 19:00,2022-06-10,29.733333333333334
18:00 - 19:00,2022-06-14,6.516666666666667
18:00 - 19:00,2022-06-15,48.56666666666666
18:00 - 19:00,2022-06-16,48.38333333333333
18:00 - 19:00,2022-06-17,52.11666666666667
18:00 - 19:00,2022-06-21,1.55
18:00 - 19:00,2022-06-22,56.53333333333333
18:00 - 19:00,2022-06-23,55.36666666666666
18:00 - 19:00,2022-06-27,50.9
18:00 - 19:00,2022-06-28,21.3
18:00 - 19:00,2022-06-30,17.183333333333334
18:00 - 19:00,2022-07-04,9.633333333333333
18:00 - 19:00,2022-07-05,77.28333333333333
18:00 - 19:00,2022-07-07,35.13333333333333
18:00 - 19:00,2022-07-11,10.783333333333333
18:00 - 19:00,2022-07-14,57.21666666666667
18:00 - 19:00,2022-07-15,54.11666666666667
18:00 - 19:00,2022-07-21,8.0
18:00 - 19:00,2022-07-26,16.53333333333333
18:00 - 19:00,2022-08-05,66.03333333333333
18:00 - 19:00,2022-08-10,28.53333333333333
18:00 - 19:00,2022-08-12,21.566666666666666
18:00 - 19:00,2022-08-17,22.0
18:00 - 19:00,2022-08-18,16.566666666666666
18:00 - 19:00,2022-08-19,17.55
18:00 - 19:00,2022-08-30,63.03333333333333
18:00 - 19:00,2022-08-31,22.116666666666667
18:00 - 19:00,2022-09-01,73.43333333333334
18:00 - 19:00,2022-09-02,4.0
18:00 - 19:00,2022-09-05,5.533333333333333
18:00 - 19:00,2022-09-06,16.05
18:00 - 19:00,2022-09-07,11.0
18:00 - 19:00,2022-09-08,21.583333333333332
18:00 - 19:00,2022-09-09,85.18333333333334
18:00 - 19:00,2022-09-12,40.7
18:00 - 19:00,2022-09-13,16.016666666666666
18:00 - 19:00,2022-09-14,12.583333333333334
18:00 - 19:00,2022-09-15,44.333333333333336
18:00 - 19:00,2022-09-16,48.1
18:00 - 19:00,2022-09-19,27.6
18:00 - 19:00,2022-09-20,18.233333333333334
18:00 - 19:00,2022-09-21,4.516666666666667
18:00 - 19:00,2022-09-22,63.96666666666667
18:00 - 19:00,2022-09-23,128.79999999999998
18:00 - 19:00,2022-09-26,36.18333333333333
18:00 - 19:00,2022-09-27,55.81666666666666
18:00 - 19:00,2022-09-28,75.45
18:00 - 19:00,2022-09-29,16.200000000000003
18:00 - 19:00,2022-09-30,123.95
18:00 - 19:00,2022-10-03,3.033333333333333
18:00 - 19:00,2022-10-04,23.133333333333333
18:00 - 19:00,2022-10-06,68.48333333333333
18:00 - 19:00,2022-10-10,27.083333333333336
18:00 - 19:00,2022-10-11,67.81666666666666
18:00 - 19:00,2022-10-12,29.166666666666668
18:00 - 19:00,2022-10-13,79.01666666666667
18:00 - 19:00,2022-10-18,46.03333333333333
18:00 - 19:00,2022-10-19,27.333333333333336
18:00 - 19:00,2022-10-20,77.0
18:00 - 19:00,2022-10-21,19.983333333333334
18:00 - 19:00,2022-10-25,14.183333333333334
18:00 - 19:00,2022-10-26,6.116666666666666
18:00 - 19:00,2022-10-27,8.166666666666666
18:00 - 19:00,2022-10-28,35.766666666666666
18:00 - 19:00,2022-10-30,149.75
18:00 - 19:00,2022-10-31,40.91666666666667
18:00 - 19:00,2022-11-01,22.25
18:00 - 19:00,2022-11-02,1.5833333333333333
18:00 - 19:00,2022-11-03,160.58333333333331
18:00 - 19:00,2022-11-04,77.9
18:00 - 19:00,2022-11-07,8.033333333333333
18:00 - 19:00,2022-11-08,65.38333333333333
18:00 - 19:00,2022-11-09,32.21666666666667
18:00 - 19:00,2022-11-10,51.916666666666664
18:00 - 19:00,2022-11-14,4.0
18:00 - 19:00,2022-11-15,120.46666666666667
18:00 - 19:00,2022-11-16,99.4
18:00 - 19:00,2022-11-17,12.733333333333334
18:00 - 19:00,2022-11-18,20.666666666666668
18:00 - 19:00,2022-11-22,54.7
18:00 - 19:00,2022-11-23,69.61666666666666
18:00 - 19:00,2022-11-24,27.78333333333333
18:00 - 19:00,2022-11-28,7.0
18:00 - 19:00,2022-11-30,43.833333333333336
18:00 - 19:00,2022-12-01,78.25
18:00 - 19:00,2022-12-05,8.55
18:00 - 19:00,2022-12-06,72.45
18:00 - 19:00,2022-12-07,7.6
18:00 - 19:00,2022-12-08,11.1
18:00 - 19:00,2022-12-09,59.983333333333334
18:00 - 19:00,2022-12-12,9.066666666666666
18:00 - 19:00,2022-12-13,59.983333333333334
18:00 - 19:00,2022-12-14,13.533333333333333
18:00 - 19:00,2022-12-15,57.03333333333333
18:00 - 19:00,2022-12-16,1.0333333333333334
18:00 - 19:00,2022-12-20,50.53333333333333
18:00 - 19:00,2022-12-21,49.016666666666666
18:00 - 19:00,2022-12-22,70.85
18:00 - 19:00,2022-12-28,70.51666666666667
19:00 - 20:00,2022-01-12,29.9
19:00 - 20:00,2022-01-18,53.233333333333334
19:00 - 20:00,2022-01-25,8.45
19:00 - 20:00,2022-03-02,33.483333333333334
19:00 - 20:00,2022-04-18,21.53333333333333
19:00 - 20:00,2022-05-06,4.0
19:00 - 20:00,2022-05-08,10.583333333333334
19:00 - 20:00,2022-05-13,70.55
19:00 - 20:00,2022-05-14,40.78333333333333
19:00 - 20:00,2022-05-25,14.7
19:00 - 20:00,2022-06-09,7.066666666666666
19:00 - 20:00,2022-08-05,38.68333333333334
19:00 - 20:00,2022-08-25,19.75
19:00 - 20:00,2022-09-11,36.583333333333336
19:00 - 20:00,2022-09-23,8.566666666666666
19:00 - 20:00,2022-09-28,1.0333333333333334
19:00 - 20:00,2022-09-30,14.183333333333334
19:00 - 20:00,2022-10-13,2.0166666666666666
19:00 - 20:00,2022-10-30,109.48333333333333
19:00 - 20:00,2022-10-31,18.566666666666666
19:00 - 20:00,2022-11-15,10.583333333333334
19:00 - 20:00,2022-12-01,3.716666666666667
19:00 - 20:00,2022-12-09,18.683333333333334
19:00 - 20:00,2022-12-11,17.583333333333332
19:00 - 20:00,2022-12-13,59.983333333333334
19:00 - 20:00,2022-12-28,5.033333333333333
20:00 - 21:00,2022-01-19,7.216666666666667
20:00 - 21:00,2022-03-02,28.383333333333333
20:00 - 21:00,2022-04-18,31.799999999999997
20:00 - 21:00,2022-05-01,6.9
20:00 - 21:00,2022-05-08,44.21666666666666
20:00 - 21:00,2022-05-13,51.06666666666666
20:00 - 21:00,2022-05-26,46.41666666666667
20:00 - 21:00,2022-08-28,14.133333333333333
20:00 - 21:00,2022-09-11,16.05
20:00 - 21:00,2022-10-30,24.866666666666667
20:00 - 21:00,2022-10-31,14.416666666666666
20:00 - 21:00,2022-12-11,54.0
20:00 - 21:00,2022-12-13,49.21666666666667
21:00 - 22:00,2022-01-19,59.983333333333334
21:00 - 22:00,2022-08-14,4.6
21:00 - 22:00,2022-09-20,7.616666666666666
22:00 - 23:00,2022-01-19,17.883333333333333
22:00 - 23:00,2022-12-18,1.65
