,Time Period,File Start Date,Total Time Difference (Minutes),Datetime
363,14:00 - 15:00,2022-01-08,46.416666666666664,2022-01-08 14:00:00
110,08:00 - 09:00,2022-01-10,31.983333333333334,2022-01-10 08:00:00
405,15:00 - 16:00,2022-01-13,29.533333333333335,2022-01-13 15:00:00
490,16:00 - 17:00,2022-01-13,13.816666666666666,2022-01-13 16:00:00
679,17:00 - 18:00,2022-01-18,3.3,2022-01-18 17:00:00
884,18:00 - 19:00,2022-01-18,30.0,2022-01-18 18:00:00
1028,19:00 - 20:00,2022-01-18,53.233333333333334,2022-01-18 19:00:00
491,16:00 - 17:00,2022-01-19,55.883333333333326,2022-01-19 16:00:00
680,17:00 - 18:00,2022-01-19,108.38333333333333,2022-01-19 17:00:00
885,18:00 - 19:00,2022-01-19,47.983333333333334,2022-01-19 18:00:00
1046,20:00 - 21:00,2022-01-19,7.216666666666667,2022-01-19 20:00:00
1052,21:00 - 22:00,2022-01-19,59.983333333333334,2022-01-19 21:00:00
1053,22:00 - 23:00,2022-01-19,17.883333333333333,2022-01-19 22:00:00
681,17:00 - 18:00,2022-01-25,23.633333333333333,2022-01-25 17:00:00
886,18:00 - 19:00,2022-01-25,59.983333333333334,2022-01-25 18:00:00
1029,19:00 - 20:00,2022-01-25,8.45,2022-01-25 19:00:00
682,17:00 - 18:00,2022-01-28,19.466666666666665,2022-01-28 17:00:00
887,18:00 - 19:00,2022-01-28,17.266666666666666,2022-01-28 18:00:00
492,16:00 - 17:00,2022-01-31,34.166666666666664,2022-01-31 16:00:00
683,17:00 - 18:00,2022-01-31,2.2,2022-01-31 17:00:00
493,16:00 - 17:00,2022-02-02,1.4333333333333333,2022-02-02 16:00:00
684,17:00 - 18:00,2022-02-02,7.3500000000000005,2022-02-02 17:00:00
494,16:00 - 17:00,2022-02-03,9.916666666666666,2022-02-03 16:00:00
685,17:00 - 18:00,2022-02-03,15.683333333333334,2022-02-03 17:00:00
686,17:00 - 18:00,2022-02-04,11.899999999999999,2022-02-04 17:00:00
495,16:00 - 17:00,2022-02-08,16.416666666666668,2022-02-08 16:00:00
687,17:00 - 18:00,2022-02-08,76.05,2022-02-08 17:00:00
888,18:00 - 19:00,2022-02-08,1.4666666666666666,2022-02-08 18:00:00
496,16:00 - 17:00,2022-02-11,19.833333333333332,2022-02-11 16:00:00
688,17:00 - 18:00,2022-02-11,43.983333333333334,2022-02-11 17:00:00
689,17:00 - 18:00,2022-02-14,13.766666666666667,2022-02-14 17:00:00
497,16:00 - 17:00,2022-02-15,11.833333333333334,2022-02-15 16:00:00
690,17:00 - 18:00,2022-02-15,71.5,2022-02-15 17:00:00
889,18:00 - 19:00,2022-02-15,22.783333333333335,2022-02-15 18:00:00
6,07:00 - 08:00,2022-02-16,6.016666666666667,2022-02-16 07:00:00
498,16:00 - 17:00,2022-02-16,37.2,2022-02-16 16:00:00
691,17:00 - 18:00,2022-02-16,109.21666666666667,2022-02-16 17:00:00
890,18:00 - 19:00,2022-02-16,57.38333333333333,2022-02-16 18:00:00
499,16:00 - 17:00,2022-02-17,31.4,2022-02-17 16:00:00
692,17:00 - 18:00,2022-02-17,16.433333333333334,2022-02-17 17:00:00
891,18:00 - 19:00,2022-02-17,4.433333333333334,2022-02-17 18:00:00
364,14:00 - 15:00,2022-02-18,2.4833333333333334,2022-02-18 14:00:00
693,17:00 - 18:00,2022-02-18,12.983333333333334,2022-02-18 17:00:00
694,17:00 - 18:00,2022-02-21,16.166666666666668,2022-02-21 17:00:00
111,08:00 - 09:00,2022-02-22,10.433333333333334,2022-02-22 08:00:00
222,09:00 - 10:00,2022-02-22,59.983333333333334,2022-02-22 09:00:00
291,10:00 - 11:00,2022-02-22,16.75,2022-02-22 10:00:00
500,16:00 - 17:00,2022-02-22,20.266666666666666,2022-02-22 16:00:00
695,17:00 - 18:00,2022-02-22,157.38333333333333,2022-02-22 17:00:00
892,18:00 - 19:00,2022-02-22,89.11666666666667,2022-02-22 18:00:00
501,16:00 - 17:00,2022-02-23,8.233333333333334,2022-02-23 16:00:00
696,17:00 - 18:00,2022-02-23,43.41666666666667,2022-02-23 17:00:00
502,16:00 - 17:00,2022-02-24,16.416666666666668,2022-02-24 16:00:00
697,17:00 - 18:00,2022-02-24,31.966666666666665,2022-02-24 17:00:00
893,18:00 - 19:00,2022-02-24,1.4333333333333333,2022-02-24 18:00:00
336,13:00 - 14:00,2022-02-25,85.68333333333334,2022-02-25 13:00:00
365,14:00 - 15:00,2022-02-25,78.9,2022-02-25 14:00:00
406,15:00 - 16:00,2022-02-25,71.23333333333333,2022-02-25 15:00:00
503,16:00 - 17:00,2022-02-25,54.7,2022-02-25 16:00:00
698,17:00 - 18:00,2022-02-25,65.28333333333333,2022-02-25 17:00:00
894,18:00 - 19:00,2022-02-25,28.35,2022-02-25 18:00:00
311,11:00 - 12:00,2022-03-02,29.5,2022-03-02 11:00:00
321,12:00 - 13:00,2022-03-02,36.13333333333333,2022-03-02 12:00:00
504,16:00 - 17:00,2022-03-02,39.83333333333333,2022-03-02 16:00:00
699,17:00 - 18:00,2022-03-02,31.083333333333336,2022-03-02 17:00:00
1030,19:00 - 20:00,2022-03-02,33.483333333333334,2022-03-02 19:00:00
1047,20:00 - 21:00,2022-03-02,28.383333333333333,2022-03-02 20:00:00
407,15:00 - 16:00,2022-03-03,36.45,2022-03-03 15:00:00
505,16:00 - 17:00,2022-03-03,59.983333333333334,2022-03-03 16:00:00
700,17:00 - 18:00,2022-03-03,101.15,2022-03-03 17:00:00
895,18:00 - 19:00,2022-03-03,12.466666666666667,2022-03-03 18:00:00
701,17:00 - 18:00,2022-03-04,2.45,2022-03-04 17:00:00
366,14:00 - 15:00,2022-03-06,1.4666666666666666,2022-03-06 14:00:00
408,15:00 - 16:00,2022-03-06,36.11666666666667,2022-03-06 15:00:00
506,16:00 - 17:00,2022-03-08,65.1,2022-03-08 16:00:00
702,17:00 - 18:00,2022-03-08,99.53333333333333,2022-03-08 17:00:00
896,18:00 - 19:00,2022-03-08,8.016666666666667,2022-03-08 18:00:00
409,15:00 - 16:00,2022-03-09,64.8,2022-03-09 15:00:00
507,16:00 - 17:00,2022-03-09,43.199999999999996,2022-03-09 16:00:00
703,17:00 - 18:00,2022-03-09,65.38333333333333,2022-03-09 17:00:00
897,18:00 - 19:00,2022-03-09,10.033333333333333,2022-03-09 18:00:00
508,16:00 - 17:00,2022-03-10,29.683333333333334,2022-03-10 16:00:00
704,17:00 - 18:00,2022-03-10,64.66666666666667,2022-03-10 17:00:00
898,18:00 - 19:00,2022-03-10,1.4666666666666666,2022-03-10 18:00:00
509,16:00 - 17:00,2022-03-11,9.35,2022-03-11 16:00:00
705,17:00 - 18:00,2022-03-11,5.866666666666667,2022-03-11 17:00:00
706,17:00 - 18:00,2022-03-14,10.733333333333333,2022-03-14 17:00:00
707,17:00 - 18:00,2022-03-15,16.933333333333334,2022-03-15 17:00:00
223,09:00 - 10:00,2022-03-16,1.5,2022-03-16 09:00:00
708,17:00 - 18:00,2022-03-16,18.21666666666667,2022-03-16 17:00:00
112,08:00 - 09:00,2022-03-17,10.45,2022-03-17 08:00:00
510,16:00 - 17:00,2022-03-17,19.633333333333333,2022-03-17 16:00:00
709,17:00 - 18:00,2022-03-17,95.2,2022-03-17 17:00:00
899,18:00 - 19:00,2022-03-17,70.0,2022-03-17 18:00:00
367,14:00 - 15:00,2022-03-18,1.45,2022-03-18 14:00:00
410,15:00 - 16:00,2022-03-18,51.28333333333334,2022-03-18 15:00:00
511,16:00 - 17:00,2022-03-18,57.6,2022-03-18 16:00:00
710,17:00 - 18:00,2022-03-18,46.88333333333333,2022-03-18 17:00:00
7,07:00 - 08:00,2022-03-21,29.9,2022-03-21 07:00:00
113,08:00 - 09:00,2022-03-21,53.3,2022-03-21 08:00:00
224,09:00 - 10:00,2022-03-21,6.7,2022-03-21 09:00:00
711,17:00 - 18:00,2022-03-21,28.416666666666668,2022-03-21 17:00:00
8,07:00 - 08:00,2022-03-22,11.433333333333334,2022-03-22 07:00:00
114,08:00 - 09:00,2022-03-22,25.85,2022-03-22 08:00:00
512,16:00 - 17:00,2022-03-22,49.0,2022-03-22 16:00:00
712,17:00 - 18:00,2022-03-22,142.58333333333334,2022-03-22 17:00:00
900,18:00 - 19:00,2022-03-22,23.883333333333333,2022-03-22 18:00:00
411,15:00 - 16:00,2022-03-23,54.416666666666664,2022-03-23 15:00:00
513,16:00 - 17:00,2022-03-23,77.36666666666667,2022-03-23 16:00:00
713,17:00 - 18:00,2022-03-23,128.25,2022-03-23 17:00:00
901,18:00 - 19:00,2022-03-23,54.166666666666664,2022-03-23 18:00:00
115,08:00 - 09:00,2022-03-24,18.483333333333334,2022-03-24 08:00:00
514,16:00 - 17:00,2022-03-24,52.45,2022-03-24 16:00:00
714,17:00 - 18:00,2022-03-24,144.13333333333333,2022-03-24 17:00:00
902,18:00 - 19:00,2022-03-24,34.083333333333336,2022-03-24 18:00:00
412,15:00 - 16:00,2022-03-25,28.016666666666666,2022-03-25 15:00:00
515,16:00 - 17:00,2022-03-25,73.85,2022-03-25 16:00:00
715,17:00 - 18:00,2022-03-25,30.799999999999997,2022-03-25 17:00:00
716,17:00 - 18:00,2022-03-28,39.983333333333334,2022-03-28 17:00:00
9,07:00 - 08:00,2022-03-29,11.116666666666667,2022-03-29 07:00:00
116,08:00 - 09:00,2022-03-29,33.85,2022-03-29 08:00:00
516,16:00 - 17:00,2022-03-29,27.016666666666666,2022-03-29 16:00:00
717,17:00 - 18:00,2022-03-29,89.71666666666667,2022-03-29 17:00:00
517,16:00 - 17:00,2022-03-30,17.316666666666666,2022-03-30 16:00:00
718,17:00 - 18:00,2022-03-30,98.93333333333334,2022-03-30 17:00:00
10,07:00 - 08:00,2022-03-31,44.983333333333334,2022-03-31 07:00:00
117,08:00 - 09:00,2022-03-31,178.93333333333334,2022-03-31 08:00:00
225,09:00 - 10:00,2022-03-31,39.05,2022-03-31 09:00:00
413,15:00 - 16:00,2022-03-31,6.466666666666667,2022-03-31 15:00:00
518,16:00 - 17:00,2022-03-31,87.71666666666667,2022-03-31 16:00:00
719,17:00 - 18:00,2022-03-31,155.63333333333333,2022-03-31 17:00:00
903,18:00 - 19:00,2022-03-31,40.36666666666667,2022-03-31 18:00:00
1,06:00 - 07:00,2022-04-01,1.6166666666666667,2022-04-01 06:00:00
118,08:00 - 09:00,2022-04-04,4.533333333333333,2022-04-04 08:00:00
519,16:00 - 17:00,2022-04-04,31.733333333333334,2022-04-04 16:00:00
720,17:00 - 18:00,2022-04-04,106.61666666666667,2022-04-04 17:00:00
904,18:00 - 19:00,2022-04-04,17.483333333333334,2022-04-04 18:00:00
11,07:00 - 08:00,2022-04-05,29.5,2022-04-05 07:00:00
119,08:00 - 09:00,2022-04-05,178.35,2022-04-05 08:00:00
226,09:00 - 10:00,2022-04-05,73.98333333333333,2022-04-05 09:00:00
520,16:00 - 17:00,2022-04-05,87.16666666666667,2022-04-05 16:00:00
721,17:00 - 18:00,2022-04-05,192.15,2022-04-05 17:00:00
905,18:00 - 19:00,2022-04-05,60.85,2022-04-05 18:00:00
722,17:00 - 18:00,2022-04-06,130.81666666666666,2022-04-06 17:00:00
906,18:00 - 19:00,2022-04-06,40.233333333333334,2022-04-06 18:00:00
12,07:00 - 08:00,2022-04-07,28.1,2022-04-07 07:00:00
120,08:00 - 09:00,2022-04-07,202.1,2022-04-07 08:00:00
227,09:00 - 10:00,2022-04-07,138.38333333333333,2022-04-07 09:00:00
292,10:00 - 11:00,2022-04-07,12.100000000000001,2022-04-07 10:00:00
521,16:00 - 17:00,2022-04-07,34.03333333333333,2022-04-07 16:00:00
723,17:00 - 18:00,2022-04-07,80.36666666666666,2022-04-07 17:00:00
414,15:00 - 16:00,2022-04-08,9.083333333333334,2022-04-08 15:00:00
522,16:00 - 17:00,2022-04-08,31.7,2022-04-08 16:00:00
724,17:00 - 18:00,2022-04-08,27.616666666666667,2022-04-08 17:00:00
907,18:00 - 19:00,2022-04-08,1.0,2022-04-08 18:00:00
13,07:00 - 08:00,2022-04-11,45.583333333333336,2022-04-11 07:00:00
121,08:00 - 09:00,2022-04-11,80.31666666666666,2022-04-11 08:00:00
228,09:00 - 10:00,2022-04-11,43.55,2022-04-11 09:00:00
523,16:00 - 17:00,2022-04-11,22.0,2022-04-11 16:00:00
725,17:00 - 18:00,2022-04-11,97.8,2022-04-11 17:00:00
908,18:00 - 19:00,2022-04-11,13.533333333333333,2022-04-11 18:00:00
14,07:00 - 08:00,2022-04-12,10.649999999999999,2022-04-12 07:00:00
122,08:00 - 09:00,2022-04-12,108.45,2022-04-12 08:00:00
229,09:00 - 10:00,2022-04-12,17.0,2022-04-12 09:00:00
415,15:00 - 16:00,2022-04-12,2.5,2022-04-12 15:00:00
524,16:00 - 17:00,2022-04-12,122.81666666666666,2022-04-12 16:00:00
726,17:00 - 18:00,2022-04-12,204.11666666666667,2022-04-12 17:00:00
909,18:00 - 19:00,2022-04-12,66.83333333333333,2022-04-12 18:00:00
525,16:00 - 17:00,2022-04-13,72.78333333333333,2022-04-13 16:00:00
727,17:00 - 18:00,2022-04-13,149.81666666666666,2022-04-13 17:00:00
910,18:00 - 19:00,2022-04-13,38.18333333333334,2022-04-13 18:00:00
15,07:00 - 08:00,2022-04-14,44.2,2022-04-14 07:00:00
123,08:00 - 09:00,2022-04-14,167.86666666666667,2022-04-14 08:00:00
230,09:00 - 10:00,2022-04-14,41.38333333333333,2022-04-14 09:00:00
368,14:00 - 15:00,2022-04-14,40.516666666666666,2022-04-14 14:00:00
416,15:00 - 16:00,2022-04-14,59.983333333333334,2022-04-14 15:00:00
526,16:00 - 17:00,2022-04-14,72.9,2022-04-14 16:00:00
728,17:00 - 18:00,2022-04-14,91.93333333333334,2022-04-14 17:00:00
911,18:00 - 19:00,2022-04-14,39.66666666666667,2022-04-14 18:00:00
417,15:00 - 16:00,2022-04-15,38.78333333333333,2022-04-15 15:00:00
527,16:00 - 17:00,2022-04-15,59.166666666666664,2022-04-15 16:00:00
729,17:00 - 18:00,2022-04-15,9.066666666666666,2022-04-15 17:00:00
231,09:00 - 10:00,2022-04-16,8.55,2022-04-16 09:00:00
293,10:00 - 11:00,2022-04-16,33.3,2022-04-16 10:00:00
16,07:00 - 08:00,2022-04-19,12.083333333333334,2022-04-19 07:00:00
124,08:00 - 09:00,2022-04-19,42.81666666666666,2022-04-19 08:00:00
730,17:00 - 18:00,2022-04-19,71.11666666666667,2022-04-19 17:00:00
912,18:00 - 19:00,2022-04-19,9.533333333333333,2022-04-19 18:00:00
17,07:00 - 08:00,2022-04-20,20.566666666666666,2022-04-20 07:00:00
125,08:00 - 09:00,2022-04-20,19.333333333333332,2022-04-20 08:00:00
418,15:00 - 16:00,2022-04-20,22.533333333333335,2022-04-20 15:00:00
528,16:00 - 17:00,2022-04-20,118.35,2022-04-20 16:00:00
731,17:00 - 18:00,2022-04-20,185.03333333333333,2022-04-20 17:00:00
913,18:00 - 19:00,2022-04-20,51.28333333333333,2022-04-20 18:00:00
18,07:00 - 08:00,2022-04-21,17.7,2022-04-21 07:00:00
126,08:00 - 09:00,2022-04-21,134.61666666666667,2022-04-21 08:00:00
232,09:00 - 10:00,2022-04-21,24.71666666666667,2022-04-21 09:00:00
369,14:00 - 15:00,2022-04-21,8.516666666666667,2022-04-21 14:00:00
419,15:00 - 16:00,2022-04-21,9.366666666666667,2022-04-21 15:00:00
529,16:00 - 17:00,2022-04-21,102.31666666666666,2022-04-21 16:00:00
732,17:00 - 18:00,2022-04-21,195.63333333333333,2022-04-21 17:00:00
914,18:00 - 19:00,2022-04-21,67.43333333333334,2022-04-21 18:00:00
420,15:00 - 16:00,2022-04-22,0.48333333333333334,2022-04-22 15:00:00
530,16:00 - 17:00,2022-04-22,67.68333333333334,2022-04-22 16:00:00
733,17:00 - 18:00,2022-04-22,44.66666666666667,2022-04-22 17:00:00
531,16:00 - 17:00,2022-04-25,87.5,2022-04-25 16:00:00
734,17:00 - 18:00,2022-04-25,109.28333333333333,2022-04-25 17:00:00
915,18:00 - 19:00,2022-04-25,9.616666666666667,2022-04-25 18:00:00
19,07:00 - 08:00,2022-04-26,7.566666666666666,2022-04-26 07:00:00
127,08:00 - 09:00,2022-04-26,12.2,2022-04-26 08:00:00
294,10:00 - 11:00,2022-04-26,5.1,2022-04-26 10:00:00
421,15:00 - 16:00,2022-04-26,3.5166666666666666,2022-04-26 15:00:00
532,16:00 - 17:00,2022-04-26,51.333333333333336,2022-04-26 16:00:00
735,17:00 - 18:00,2022-04-26,96.95,2022-04-26 17:00:00
916,18:00 - 19:00,2022-04-26,22.65,2022-04-26 18:00:00
533,16:00 - 17:00,2022-04-28,64.81666666666666,2022-04-28 16:00:00
736,17:00 - 18:00,2022-04-28,65.3,2022-04-28 17:00:00
917,18:00 - 19:00,2022-04-28,8.0,2022-04-28 18:00:00
128,08:00 - 09:00,2022-05-03,20.116666666666667,2022-05-03 08:00:00
233,09:00 - 10:00,2022-05-03,41.86666666666667,2022-05-03 09:00:00
534,16:00 - 17:00,2022-05-03,36.13333333333333,2022-05-03 16:00:00
737,17:00 - 18:00,2022-05-03,16.25,2022-05-03 17:00:00
422,15:00 - 16:00,2022-05-04,1.55,2022-05-04 15:00:00
535,16:00 - 17:00,2022-05-04,50.16666666666667,2022-05-04 16:00:00
738,17:00 - 18:00,2022-05-04,80.25,2022-05-04 17:00:00
536,16:00 - 17:00,2022-05-05,18.133333333333333,2022-05-05 16:00:00
337,13:00 - 14:00,2022-05-06,0.5333333333333333,2022-05-06 13:00:00
370,14:00 - 15:00,2022-05-06,35.733333333333334,2022-05-06 14:00:00
423,15:00 - 16:00,2022-05-06,56.81666666666667,2022-05-06 15:00:00
537,16:00 - 17:00,2022-05-06,55.266666666666666,2022-05-06 16:00:00
739,17:00 - 18:00,2022-05-06,77.61666666666666,2022-05-06 17:00:00
918,18:00 - 19:00,2022-05-06,81.96666666666667,2022-05-06 18:00:00
1031,19:00 - 20:00,2022-05-06,4.0,2022-05-06 19:00:00
20,07:00 - 08:00,2022-05-09,18.766666666666666,2022-05-09 07:00:00
129,08:00 - 09:00,2022-05-09,32.35,2022-05-09 08:00:00
538,16:00 - 17:00,2022-05-09,20.71666666666667,2022-05-09 16:00:00
740,17:00 - 18:00,2022-05-09,62.166666666666664,2022-05-09 17:00:00
919,18:00 - 19:00,2022-05-09,4.066666666666666,2022-05-09 18:00:00
21,07:00 - 08:00,2022-05-10,31.866666666666667,2022-05-10 07:00:00
130,08:00 - 09:00,2022-05-10,156.1,2022-05-10 08:00:00
234,09:00 - 10:00,2022-05-10,16.0,2022-05-10 09:00:00
539,16:00 - 17:00,2022-05-10,25.650000000000002,2022-05-10 16:00:00
741,17:00 - 18:00,2022-05-10,122.6,2022-05-10 17:00:00
920,18:00 - 19:00,2022-05-10,23.116666666666667,2022-05-10 18:00:00
22,07:00 - 08:00,2022-05-11,8.6,2022-05-11 07:00:00
131,08:00 - 09:00,2022-05-11,1.5666666666666667,2022-05-11 08:00:00
322,12:00 - 13:00,2022-05-11,40.55,2022-05-11 12:00:00
338,13:00 - 14:00,2022-05-11,7.316666666666666,2022-05-11 13:00:00
540,16:00 - 17:00,2022-05-11,24.133333333333333,2022-05-11 16:00:00
742,17:00 - 18:00,2022-05-11,98.9,2022-05-11 17:00:00
921,18:00 - 19:00,2022-05-11,29.56666666666667,2022-05-11 18:00:00
23,07:00 - 08:00,2022-05-12,23.283333333333335,2022-05-12 07:00:00
132,08:00 - 09:00,2022-05-12,105.14999999999999,2022-05-12 08:00:00
235,09:00 - 10:00,2022-05-12,37.900000000000006,2022-05-12 09:00:00
371,14:00 - 15:00,2022-05-12,35.53333333333333,2022-05-12 14:00:00
424,15:00 - 16:00,2022-05-12,20.833333333333332,2022-05-12 15:00:00
541,16:00 - 17:00,2022-05-12,33.38333333333333,2022-05-12 16:00:00
743,17:00 - 18:00,2022-05-12,128.53333333333333,2022-05-12 17:00:00
922,18:00 - 19:00,2022-05-12,42.88333333333333,2022-05-12 18:00:00
339,13:00 - 14:00,2022-05-13,17.666666666666668,2022-05-13 13:00:00
372,14:00 - 15:00,2022-05-13,10.55,2022-05-13 14:00:00
542,16:00 - 17:00,2022-05-13,24.200000000000003,2022-05-13 16:00:00
744,17:00 - 18:00,2022-05-13,78.6,2022-05-13 17:00:00
923,18:00 - 19:00,2022-05-13,4.199999999999999,2022-05-13 18:00:00
1032,19:00 - 20:00,2022-05-13,10.566666666666666,2022-05-13 19:00:00
1048,20:00 - 21:00,2022-05-13,23.566666666666666,2022-05-13 20:00:00
24,07:00 - 08:00,2022-05-16,48.15,2022-05-16 07:00:00
133,08:00 - 09:00,2022-05-16,97.25,2022-05-16 08:00:00
543,16:00 - 17:00,2022-05-16,19.516666666666666,2022-05-16 16:00:00
745,17:00 - 18:00,2022-05-16,82.58333333333334,2022-05-16 17:00:00
25,07:00 - 08:00,2022-05-17,38.8,2022-05-17 07:00:00
134,08:00 - 09:00,2022-05-17,133.5,2022-05-17 08:00:00
236,09:00 - 10:00,2022-05-17,16.616666666666667,2022-05-17 09:00:00
544,16:00 - 17:00,2022-05-17,73.33333333333334,2022-05-17 16:00:00
746,17:00 - 18:00,2022-05-17,208.45,2022-05-17 17:00:00
924,18:00 - 19:00,2022-05-17,25.183333333333334,2022-05-17 18:00:00
26,07:00 - 08:00,2022-05-18,18.75,2022-05-18 07:00:00
135,08:00 - 09:00,2022-05-18,47.68333333333334,2022-05-18 08:00:00
425,15:00 - 16:00,2022-05-18,18.65,2022-05-18 15:00:00
545,16:00 - 17:00,2022-05-18,78.4,2022-05-18 16:00:00
747,17:00 - 18:00,2022-05-18,164.21666666666667,2022-05-18 17:00:00
925,18:00 - 19:00,2022-05-18,42.900000000000006,2022-05-18 18:00:00
27,07:00 - 08:00,2022-05-19,39.483333333333334,2022-05-19 07:00:00
136,08:00 - 09:00,2022-05-19,160.51666666666665,2022-05-19 08:00:00
237,09:00 - 10:00,2022-05-19,87.55,2022-05-19 09:00:00
295,10:00 - 11:00,2022-05-19,3.1166666666666667,2022-05-19 10:00:00
373,14:00 - 15:00,2022-05-19,33.18333333333334,2022-05-19 14:00:00
426,15:00 - 16:00,2022-05-19,66.38333333333334,2022-05-19 15:00:00
546,16:00 - 17:00,2022-05-19,188.35,2022-05-19 16:00:00
748,17:00 - 18:00,2022-05-19,163.5,2022-05-19 17:00:00
926,18:00 - 19:00,2022-05-19,35.333333333333336,2022-05-19 18:00:00
296,10:00 - 11:00,2022-05-20,37.53333333333333,2022-05-20 10:00:00
312,11:00 - 12:00,2022-05-20,34.66666666666667,2022-05-20 11:00:00
323,12:00 - 13:00,2022-05-20,16.55,2022-05-20 12:00:00
374,14:00 - 15:00,2022-05-20,21.55,2022-05-20 14:00:00
427,15:00 - 16:00,2022-05-20,24.083333333333336,2022-05-20 15:00:00
547,16:00 - 17:00,2022-05-20,0.5166666666666667,2022-05-20 16:00:00
749,17:00 - 18:00,2022-05-20,9.6,2022-05-20 17:00:00
927,18:00 - 19:00,2022-05-20,0.06666666666666667,2022-05-20 18:00:00
28,07:00 - 08:00,2022-05-23,14.833333333333332,2022-05-23 07:00:00
137,08:00 - 09:00,2022-05-23,12.716666666666667,2022-05-23 08:00:00
313,11:00 - 12:00,2022-05-23,22.55,2022-05-23 11:00:00
324,12:00 - 13:00,2022-05-23,14.0,2022-05-23 12:00:00
428,15:00 - 16:00,2022-05-23,5.516666666666667,2022-05-23 15:00:00
548,16:00 - 17:00,2022-05-23,29.583333333333336,2022-05-23 16:00:00
750,17:00 - 18:00,2022-05-23,105.76666666666667,2022-05-23 17:00:00
928,18:00 - 19:00,2022-05-23,20.55,2022-05-23 18:00:00
29,07:00 - 08:00,2022-05-24,32.11666666666667,2022-05-24 07:00:00
138,08:00 - 09:00,2022-05-24,112.86666666666667,2022-05-24 08:00:00
549,16:00 - 17:00,2022-05-24,53.2,2022-05-24 16:00:00
751,17:00 - 18:00,2022-05-24,166.53333333333333,2022-05-24 17:00:00
929,18:00 - 19:00,2022-05-24,64.66666666666667,2022-05-24 18:00:00
30,07:00 - 08:00,2022-05-25,7.616666666666666,2022-05-25 07:00:00
139,08:00 - 09:00,2022-05-25,7.583333333333333,2022-05-25 08:00:00
375,14:00 - 15:00,2022-05-25,21.2,2022-05-25 14:00:00
429,15:00 - 16:00,2022-05-25,54.45,2022-05-25 15:00:00
550,16:00 - 17:00,2022-05-25,145.01666666666668,2022-05-25 16:00:00
752,17:00 - 18:00,2022-05-25,184.08333333333334,2022-05-25 17:00:00
930,18:00 - 19:00,2022-05-25,105.80000000000001,2022-05-25 18:00:00
1033,19:00 - 20:00,2022-05-25,14.7,2022-05-25 19:00:00
31,07:00 - 08:00,2022-05-30,13.299999999999999,2022-05-30 07:00:00
140,08:00 - 09:00,2022-05-30,40.85,2022-05-30 08:00:00
238,09:00 - 10:00,2022-05-30,11.55,2022-05-30 09:00:00
551,16:00 - 17:00,2022-05-30,20.666666666666664,2022-05-30 16:00:00
753,17:00 - 18:00,2022-05-30,44.65,2022-05-30 17:00:00
32,07:00 - 08:00,2022-05-31,18.733333333333334,2022-05-31 07:00:00
141,08:00 - 09:00,2022-05-31,84.05,2022-05-31 08:00:00
239,09:00 - 10:00,2022-05-31,10.533333333333333,2022-05-31 09:00:00
552,16:00 - 17:00,2022-05-31,38.56666666666667,2022-05-31 16:00:00
754,17:00 - 18:00,2022-05-31,102.93333333333334,2022-05-31 17:00:00
931,18:00 - 19:00,2022-05-31,1.5333333333333334,2022-05-31 18:00:00
33,07:00 - 08:00,2022-06-01,10.7,2022-06-01 07:00:00
142,08:00 - 09:00,2022-06-01,6.65,2022-06-01 08:00:00
240,09:00 - 10:00,2022-06-01,41.15,2022-06-01 09:00:00
553,16:00 - 17:00,2022-06-01,44.233333333333334,2022-06-01 16:00:00
755,17:00 - 18:00,2022-06-01,64.11666666666667,2022-06-01 17:00:00
932,18:00 - 19:00,2022-06-01,39.55,2022-06-01 18:00:00
34,07:00 - 08:00,2022-06-02,11.55,2022-06-02 07:00:00
143,08:00 - 09:00,2022-06-02,71.65,2022-06-02 08:00:00
241,09:00 - 10:00,2022-06-02,4.033333333333333,2022-06-02 09:00:00
554,16:00 - 17:00,2022-06-02,70.58333333333333,2022-06-02 16:00:00
756,17:00 - 18:00,2022-06-02,186.01666666666668,2022-06-02 17:00:00
933,18:00 - 19:00,2022-06-02,55.46666666666667,2022-06-02 18:00:00
376,14:00 - 15:00,2022-06-03,24.583333333333332,2022-06-03 14:00:00
430,15:00 - 16:00,2022-06-03,81.61666666666666,2022-06-03 15:00:00
555,16:00 - 17:00,2022-06-03,82.58333333333333,2022-06-03 16:00:00
757,17:00 - 18:00,2022-06-03,68.55,2022-06-03 17:00:00
934,18:00 - 19:00,2022-06-03,38.0,2022-06-03 18:00:00
35,07:00 - 08:00,2022-06-07,24.983333333333334,2022-06-07 07:00:00
144,08:00 - 09:00,2022-06-07,141.46666666666667,2022-06-07 08:00:00
242,09:00 - 10:00,2022-06-07,115.56666666666666,2022-06-07 09:00:00
297,10:00 - 11:00,2022-06-07,17.25,2022-06-07 10:00:00
340,13:00 - 14:00,2022-06-07,46.53333333333333,2022-06-07 13:00:00
377,14:00 - 15:00,2022-06-07,18.85,2022-06-07 14:00:00
556,16:00 - 17:00,2022-06-07,45.7,2022-06-07 16:00:00
758,17:00 - 18:00,2022-06-07,80.4,2022-06-07 17:00:00
935,18:00 - 19:00,2022-06-07,12.0,2022-06-07 18:00:00
36,07:00 - 08:00,2022-06-08,1.55,2022-06-08 07:00:00
431,15:00 - 16:00,2022-06-08,38.13333333333333,2022-06-08 15:00:00
557,16:00 - 17:00,2022-06-08,168.73333333333332,2022-06-08 16:00:00
759,17:00 - 18:00,2022-06-08,188.28333333333333,2022-06-08 17:00:00
936,18:00 - 19:00,2022-06-08,72.83333333333334,2022-06-08 18:00:00
37,07:00 - 08:00,2022-06-09,33.88333333333333,2022-06-09 07:00:00
145,08:00 - 09:00,2022-06-09,90.18333333333334,2022-06-09 08:00:00
432,15:00 - 16:00,2022-06-09,13.516666666666667,2022-06-09 15:00:00
558,16:00 - 17:00,2022-06-09,94.78333333333333,2022-06-09 16:00:00
760,17:00 - 18:00,2022-06-09,150.76666666666668,2022-06-09 17:00:00
937,18:00 - 19:00,2022-06-09,54.833333333333336,2022-06-09 18:00:00
1034,19:00 - 20:00,2022-06-09,7.066666666666666,2022-06-09 19:00:00
341,13:00 - 14:00,2022-06-10,10.116666666666667,2022-06-10 13:00:00
378,14:00 - 15:00,2022-06-10,26.066666666666666,2022-06-10 14:00:00
433,15:00 - 16:00,2022-06-10,46.56666666666666,2022-06-10 15:00:00
559,16:00 - 17:00,2022-06-10,107.41666666666667,2022-06-10 16:00:00
761,17:00 - 18:00,2022-06-10,102.76666666666667,2022-06-10 17:00:00
938,18:00 - 19:00,2022-06-10,29.733333333333334,2022-06-10 18:00:00
38,07:00 - 08:00,2022-06-13,12.15,2022-06-13 07:00:00
560,16:00 - 17:00,2022-06-13,11.05,2022-06-13 16:00:00
762,17:00 - 18:00,2022-06-13,41.083333333333336,2022-06-13 17:00:00
39,07:00 - 08:00,2022-06-14,35.86666666666667,2022-06-14 07:00:00
146,08:00 - 09:00,2022-06-14,105.56666666666666,2022-06-14 08:00:00
243,09:00 - 10:00,2022-06-14,8.0,2022-06-14 09:00:00
561,16:00 - 17:00,2022-06-14,34.11666666666667,2022-06-14 16:00:00
763,17:00 - 18:00,2022-06-14,102.93333333333334,2022-06-14 17:00:00
939,18:00 - 19:00,2022-06-14,6.516666666666667,2022-06-14 18:00:00
434,15:00 - 16:00,2022-06-15,11.033333333333333,2022-06-15 15:00:00
562,16:00 - 17:00,2022-06-15,66.18333333333334,2022-06-15 16:00:00
764,17:00 - 18:00,2022-06-15,104.8,2022-06-15 17:00:00
940,18:00 - 19:00,2022-06-15,48.56666666666666,2022-06-15 18:00:00
40,07:00 - 08:00,2022-06-16,26.416666666666664,2022-06-16 07:00:00
147,08:00 - 09:00,2022-06-16,123.0,2022-06-16 08:00:00
244,09:00 - 10:00,2022-06-16,12.633333333333335,2022-06-16 09:00:00
325,12:00 - 13:00,2022-06-16,17.633333333333336,2022-06-16 12:00:00
435,15:00 - 16:00,2022-06-16,3.066666666666667,2022-06-16 15:00:00
563,16:00 - 17:00,2022-06-16,83.33333333333333,2022-06-16 16:00:00
765,17:00 - 18:00,2022-06-16,166.3,2022-06-16 17:00:00
941,18:00 - 19:00,2022-06-16,48.38333333333333,2022-06-16 18:00:00
342,13:00 - 14:00,2022-06-17,5.533333333333333,2022-06-17 13:00:00
436,15:00 - 16:00,2022-06-17,14.633333333333333,2022-06-17 15:00:00
564,16:00 - 17:00,2022-06-17,74.16666666666667,2022-06-17 16:00:00
766,17:00 - 18:00,2022-06-17,85.13333333333333,2022-06-17 17:00:00
942,18:00 - 19:00,2022-06-17,43.6,2022-06-17 18:00:00
437,15:00 - 16:00,2022-06-20,1.5333333333333334,2022-06-20 15:00:00
565,16:00 - 17:00,2022-06-20,32.15,2022-06-20 16:00:00
767,17:00 - 18:00,2022-06-20,70.36666666666666,2022-06-20 17:00:00
41,07:00 - 08:00,2022-06-21,28.916666666666668,2022-06-21 07:00:00
148,08:00 - 09:00,2022-06-21,29.333333333333332,2022-06-21 08:00:00
566,16:00 - 17:00,2022-06-21,59.583333333333336,2022-06-21 16:00:00
768,17:00 - 18:00,2022-06-21,93.2,2022-06-21 17:00:00
943,18:00 - 19:00,2022-06-21,1.55,2022-06-21 18:00:00
2,06:00 - 07:00,2022-06-22,23.75,2022-06-22 06:00:00
42,07:00 - 08:00,2022-06-22,230.48333333333332,2022-06-22 07:00:00
149,08:00 - 09:00,2022-06-22,233.26666666666665,2022-06-22 08:00:00
245,09:00 - 10:00,2022-06-22,82.63333333333334,2022-06-22 09:00:00
438,15:00 - 16:00,2022-06-22,21.06666666666667,2022-06-22 15:00:00
769,17:00 - 18:00,2022-06-22,37.06666666666666,2022-06-22 17:00:00
43,07:00 - 08:00,2022-06-23,13.683333333333334,2022-06-23 07:00:00
150,08:00 - 09:00,2022-06-23,71.23333333333333,2022-06-23 08:00:00
246,09:00 - 10:00,2022-06-23,11.566666666666666,2022-06-23 09:00:00
567,16:00 - 17:00,2022-06-23,121.86666666666667,2022-06-23 16:00:00
770,17:00 - 18:00,2022-06-23,160.38333333333333,2022-06-23 17:00:00
944,18:00 - 19:00,2022-06-23,55.36666666666666,2022-06-23 18:00:00
343,13:00 - 14:00,2022-06-24,18.083333333333336,2022-06-24 13:00:00
379,14:00 - 15:00,2022-06-24,26.166666666666668,2022-06-24 14:00:00
439,15:00 - 16:00,2022-06-24,41.233333333333334,2022-06-24 15:00:00
568,16:00 - 17:00,2022-06-24,32.3,2022-06-24 16:00:00
771,17:00 - 18:00,2022-06-24,9.616666666666667,2022-06-24 17:00:00
344,13:00 - 14:00,2022-06-25,2.566666666666667,2022-06-25 13:00:00
44,07:00 - 08:00,2022-06-27,10.583333333333334,2022-06-27 07:00:00
345,13:00 - 14:00,2022-06-27,15.516666666666667,2022-06-27 13:00:00
380,14:00 - 15:00,2022-06-27,78.6,2022-06-27 14:00:00
440,15:00 - 16:00,2022-06-27,150.5,2022-06-27 15:00:00
569,16:00 - 17:00,2022-06-27,157.38333333333333,2022-06-27 16:00:00
772,17:00 - 18:00,2022-06-27,121.60000000000001,2022-06-27 17:00:00
945,18:00 - 19:00,2022-06-27,50.9,2022-06-27 18:00:00
45,07:00 - 08:00,2022-06-28,34.75,2022-06-28 07:00:00
151,08:00 - 09:00,2022-06-28,105.45,2022-06-28 08:00:00
247,09:00 - 10:00,2022-06-28,34.03333333333333,2022-06-28 09:00:00
346,13:00 - 14:00,2022-06-28,20.233333333333334,2022-06-28 13:00:00
570,16:00 - 17:00,2022-06-28,26.616666666666667,2022-06-28 16:00:00
773,17:00 - 18:00,2022-06-28,97.56666666666666,2022-06-28 17:00:00
946,18:00 - 19:00,2022-06-28,17.716666666666665,2022-06-28 18:00:00
571,16:00 - 17:00,2022-06-29,38.78333333333333,2022-06-29 16:00:00
774,17:00 - 18:00,2022-06-29,40.85,2022-06-29 17:00:00
46,07:00 - 08:00,2022-06-30,14.15,2022-06-30 07:00:00
152,08:00 - 09:00,2022-06-30,70.8,2022-06-30 08:00:00
248,09:00 - 10:00,2022-06-30,53.25,2022-06-30 09:00:00
572,16:00 - 17:00,2022-06-30,48.5,2022-06-30 16:00:00
775,17:00 - 18:00,2022-06-30,73.7,2022-06-30 17:00:00
947,18:00 - 19:00,2022-06-30,15.566666666666666,2022-06-30 18:00:00
47,07:00 - 08:00,2022-07-01,30.916666666666664,2022-07-01 07:00:00
153,08:00 - 09:00,2022-07-01,20.216666666666665,2022-07-01 08:00:00
326,12:00 - 13:00,2022-07-01,18.116666666666667,2022-07-01 12:00:00
347,13:00 - 14:00,2022-07-01,47.78333333333333,2022-07-01 13:00:00
381,14:00 - 15:00,2022-07-01,71.0,2022-07-01 14:00:00
441,15:00 - 16:00,2022-07-01,116.01666666666667,2022-07-01 15:00:00
573,16:00 - 17:00,2022-07-01,101.33333333333333,2022-07-01 16:00:00
776,17:00 - 18:00,2022-07-01,73.71666666666667,2022-07-01 17:00:00
574,16:00 - 17:00,2022-07-04,31.733333333333334,2022-07-04 16:00:00
777,17:00 - 18:00,2022-07-04,18.0,2022-07-04 17:00:00
48,07:00 - 08:00,2022-07-05,20.35,2022-07-05 07:00:00
154,08:00 - 09:00,2022-07-05,88.55000000000001,2022-07-05 08:00:00
249,09:00 - 10:00,2022-07-05,51.95,2022-07-05 09:00:00
442,15:00 - 16:00,2022-07-05,3.0833333333333335,2022-07-05 15:00:00
575,16:00 - 17:00,2022-07-05,152.13333333333335,2022-07-05 16:00:00
778,17:00 - 18:00,2022-07-05,208.95,2022-07-05 17:00:00
948,18:00 - 19:00,2022-07-05,77.28333333333333,2022-07-05 18:00:00
155,08:00 - 09:00,2022-07-06,38.11666666666667,2022-07-06 08:00:00
250,09:00 - 10:00,2022-07-06,99.11666666666666,2022-07-06 09:00:00
298,10:00 - 11:00,2022-07-06,66.98333333333333,2022-07-06 10:00:00
314,11:00 - 12:00,2022-07-06,59.983333333333334,2022-07-06 11:00:00
327,12:00 - 13:00,2022-07-06,0.08333333333333333,2022-07-06 12:00:00
576,16:00 - 17:00,2022-07-06,42.86666666666667,2022-07-06 16:00:00
779,17:00 - 18:00,2022-07-06,66.83333333333333,2022-07-06 17:00:00
49,07:00 - 08:00,2022-07-07,18.85,2022-07-07 07:00:00
156,08:00 - 09:00,2022-07-07,28.916666666666664,2022-07-07 08:00:00
577,16:00 - 17:00,2022-07-07,33.233333333333334,2022-07-07 16:00:00
780,17:00 - 18:00,2022-07-07,125.2,2022-07-07 17:00:00
949,18:00 - 19:00,2022-07-07,35.13333333333333,2022-07-07 18:00:00
315,11:00 - 12:00,2022-07-08,1.55,2022-07-08 11:00:00
328,12:00 - 13:00,2022-07-08,17.533333333333335,2022-07-08 12:00:00
348,13:00 - 14:00,2022-07-08,28.0,2022-07-08 13:00:00
382,14:00 - 15:00,2022-07-08,15.149999999999999,2022-07-08 14:00:00
443,15:00 - 16:00,2022-07-08,35.666666666666664,2022-07-08 15:00:00
578,16:00 - 17:00,2022-07-08,19.766666666666666,2022-07-08 16:00:00
781,17:00 - 18:00,2022-07-08,4.533333333333333,2022-07-08 17:00:00
349,13:00 - 14:00,2022-07-11,2.55,2022-07-11 13:00:00
383,14:00 - 15:00,2022-07-11,59.983333333333334,2022-07-11 14:00:00
444,15:00 - 16:00,2022-07-11,59.983333333333334,2022-07-11 15:00:00
579,16:00 - 17:00,2022-07-11,87.5,2022-07-11 16:00:00
782,17:00 - 18:00,2022-07-11,100.56666666666666,2022-07-11 17:00:00
950,18:00 - 19:00,2022-07-11,10.783333333333333,2022-07-11 18:00:00
50,07:00 - 08:00,2022-07-12,17.216666666666665,2022-07-12 07:00:00
157,08:00 - 09:00,2022-07-12,1.5666666666666667,2022-07-12 08:00:00
580,16:00 - 17:00,2022-07-12,15.233333333333333,2022-07-12 16:00:00
783,17:00 - 18:00,2022-07-12,31.4,2022-07-12 17:00:00
350,13:00 - 14:00,2022-07-13,38.55,2022-07-13 13:00:00
384,14:00 - 15:00,2022-07-13,17.0,2022-07-13 14:00:00
581,16:00 - 17:00,2022-07-13,44.099999999999994,2022-07-13 16:00:00
784,17:00 - 18:00,2022-07-13,59.28333333333333,2022-07-13 17:00:00
51,07:00 - 08:00,2022-07-14,33.5,2022-07-14 07:00:00
158,08:00 - 09:00,2022-07-14,76.63333333333334,2022-07-14 08:00:00
251,09:00 - 10:00,2022-07-14,3.5833333333333335,2022-07-14 09:00:00
582,16:00 - 17:00,2022-07-14,29.366666666666667,2022-07-14 16:00:00
785,17:00 - 18:00,2022-07-14,65.86666666666667,2022-07-14 17:00:00
951,18:00 - 19:00,2022-07-14,12.6,2022-07-14 18:00:00
299,10:00 - 11:00,2022-07-15,11.116666666666667,2022-07-15 10:00:00
316,11:00 - 12:00,2022-07-15,6.55,2022-07-15 11:00:00
445,15:00 - 16:00,2022-07-15,5.15,2022-07-15 15:00:00
583,16:00 - 17:00,2022-07-15,33.516666666666666,2022-07-15 16:00:00
786,17:00 - 18:00,2022-07-15,73.6,2022-07-15 17:00:00
952,18:00 - 19:00,2022-07-15,54.11666666666667,2022-07-15 18:00:00
317,11:00 - 12:00,2022-07-18,7.133333333333333,2022-07-18 11:00:00
329,12:00 - 13:00,2022-07-19,3.55,2022-07-19 12:00:00
351,13:00 - 14:00,2022-07-19,24.983333333333334,2022-07-19 13:00:00
787,17:00 - 18:00,2022-07-20,2.5833333333333335,2022-07-20 17:00:00
446,15:00 - 16:00,2022-07-21,4.533333333333333,2022-07-21 15:00:00
584,16:00 - 17:00,2022-07-21,15.716666666666667,2022-07-21 16:00:00
788,17:00 - 18:00,2022-07-21,84.41666666666666,2022-07-21 17:00:00
953,18:00 - 19:00,2022-07-21,8.0,2022-07-21 18:00:00
447,15:00 - 16:00,2022-07-22,11.083333333333334,2022-07-22 15:00:00
585,16:00 - 17:00,2022-07-22,23.283333333333335,2022-07-22 16:00:00
586,16:00 - 17:00,2022-07-26,8.966666666666667,2022-07-26 16:00:00
789,17:00 - 18:00,2022-07-26,52.46666666666667,2022-07-26 17:00:00
954,18:00 - 19:00,2022-07-26,16.53333333333333,2022-07-26 18:00:00
790,17:00 - 18:00,2022-07-27,3.5,2022-07-27 17:00:00
352,13:00 - 14:00,2022-07-29,73.58333333333333,2022-07-29 13:00:00
385,14:00 - 15:00,2022-07-29,80.88333333333333,2022-07-29 14:00:00
448,15:00 - 16:00,2022-07-29,26.333333333333336,2022-07-29 15:00:00
587,16:00 - 17:00,2022-07-29,1.0,2022-07-29 16:00:00
588,16:00 - 17:00,2022-08-01,11.5,2022-08-01 16:00:00
791,17:00 - 18:00,2022-08-01,37.0,2022-08-01 17:00:00
589,16:00 - 17:00,2022-08-03,21.5,2022-08-03 16:00:00
792,17:00 - 18:00,2022-08-03,34.45,2022-08-03 17:00:00
793,17:00 - 18:00,2022-08-05,2.5,2022-08-05 17:00:00
955,18:00 - 19:00,2022-08-05,66.03333333333333,2022-08-05 18:00:00
1035,19:00 - 20:00,2022-08-05,38.68333333333334,2022-08-05 19:00:00
449,15:00 - 16:00,2022-08-12,49.56666666666667,2022-08-12 15:00:00
590,16:00 - 17:00,2022-08-12,83.46666666666667,2022-08-12 16:00:00
450,15:00 - 16:00,2022-08-18,20.066666666666666,2022-08-18 15:00:00
591,16:00 - 17:00,2022-08-18,2.716666666666667,2022-08-18 16:00:00
794,17:00 - 18:00,2022-08-23,19.03333333333333,2022-08-23 17:00:00
795,17:00 - 18:00,2022-08-24,11.033333333333333,2022-08-24 17:00:00
592,16:00 - 17:00,2022-08-25,1.5166666666666666,2022-08-25 16:00:00
796,17:00 - 18:00,2022-08-25,9.016666666666666,2022-08-25 17:00:00
330,12:00 - 13:00,2022-08-26,47.06666666666666,2022-08-26 12:00:00
353,13:00 - 14:00,2022-08-26,79.01666666666667,2022-08-26 13:00:00
386,14:00 - 15:00,2022-08-26,25.116666666666667,2022-08-26 14:00:00
451,15:00 - 16:00,2022-08-26,35.61666666666667,2022-08-26 15:00:00
797,17:00 - 18:00,2022-08-26,8.016666666666666,2022-08-26 17:00:00
798,17:00 - 18:00,2022-08-29,2.4833333333333334,2022-08-29 17:00:00
52,07:00 - 08:00,2022-08-30,6.55,2022-08-30 07:00:00
159,08:00 - 09:00,2022-08-30,103.41666666666667,2022-08-30 08:00:00
252,09:00 - 10:00,2022-08-30,32.68333333333334,2022-08-30 09:00:00
452,15:00 - 16:00,2022-08-30,4.483333333333333,2022-08-30 15:00:00
593,16:00 - 17:00,2022-08-30,81.46666666666667,2022-08-30 16:00:00
799,17:00 - 18:00,2022-08-30,145.0,2022-08-30 17:00:00
956,18:00 - 19:00,2022-08-30,63.03333333333333,2022-08-30 18:00:00
594,16:00 - 17:00,2022-08-31,31.2,2022-08-31 16:00:00
800,17:00 - 18:00,2022-08-31,58.25,2022-08-31 17:00:00
957,18:00 - 19:00,2022-08-31,22.116666666666667,2022-08-31 18:00:00
160,08:00 - 09:00,2022-09-01,28.933333333333334,2022-09-01 08:00:00
595,16:00 - 17:00,2022-09-01,74.18333333333334,2022-09-01 16:00:00
801,17:00 - 18:00,2022-09-01,78.15,2022-09-01 17:00:00
958,18:00 - 19:00,2022-09-01,73.43333333333334,2022-09-01 18:00:00
387,14:00 - 15:00,2022-09-02,0.5166666666666667,2022-09-02 14:00:00
453,15:00 - 16:00,2022-09-02,10.133333333333333,2022-09-02 15:00:00
596,16:00 - 17:00,2022-09-02,9.133333333333333,2022-09-02 16:00:00
802,17:00 - 18:00,2022-09-02,21.183333333333334,2022-09-02 17:00:00
959,18:00 - 19:00,2022-09-02,4.0,2022-09-02 18:00:00
161,08:00 - 09:00,2022-09-05,37.85,2022-09-05 08:00:00
597,16:00 - 17:00,2022-09-05,15.533333333333333,2022-09-05 16:00:00
803,17:00 - 18:00,2022-09-05,103.73333333333333,2022-09-05 17:00:00
960,18:00 - 19:00,2022-09-05,5.533333333333333,2022-09-05 18:00:00
53,07:00 - 08:00,2022-09-06,22.233333333333334,2022-09-06 07:00:00
162,08:00 - 09:00,2022-09-06,136.31666666666666,2022-09-06 08:00:00
253,09:00 - 10:00,2022-09-06,41.76666666666667,2022-09-06 09:00:00
598,16:00 - 17:00,2022-09-06,58.36666666666667,2022-09-06 16:00:00
804,17:00 - 18:00,2022-09-06,147.93333333333334,2022-09-06 17:00:00
961,18:00 - 19:00,2022-09-06,16.05,2022-09-06 18:00:00
54,07:00 - 08:00,2022-09-07,7.066666666666666,2022-09-07 07:00:00
163,08:00 - 09:00,2022-09-07,5.533333333333333,2022-09-07 08:00:00
354,13:00 - 14:00,2022-09-07,1.5333333333333334,2022-09-07 13:00:00
599,16:00 - 17:00,2022-09-07,36.65,2022-09-07 16:00:00
805,17:00 - 18:00,2022-09-07,85.73333333333333,2022-09-07 17:00:00
962,18:00 - 19:00,2022-09-07,11.0,2022-09-07 18:00:00
55,07:00 - 08:00,2022-09-08,94.66666666666667,2022-09-08 07:00:00
164,08:00 - 09:00,2022-09-08,216.0,2022-09-08 08:00:00
254,09:00 - 10:00,2022-09-08,164.38333333333333,2022-09-08 09:00:00
300,10:00 - 11:00,2022-09-08,55.13333333333333,2022-09-08 10:00:00
388,14:00 - 15:00,2022-09-08,4.516666666666667,2022-09-08 14:00:00
454,15:00 - 16:00,2022-09-08,61.4,2022-09-08 15:00:00
600,16:00 - 17:00,2022-09-08,47.85,2022-09-08 16:00:00
806,17:00 - 18:00,2022-09-08,148.83333333333334,2022-09-08 17:00:00
963,18:00 - 19:00,2022-09-08,21.583333333333332,2022-09-08 18:00:00
355,13:00 - 14:00,2022-09-09,7.533333333333333,2022-09-09 13:00:00
389,14:00 - 15:00,2022-09-09,69.36666666666666,2022-09-09 14:00:00
455,15:00 - 16:00,2022-09-09,83.08333333333334,2022-09-09 15:00:00
601,16:00 - 17:00,2022-09-09,49.81666666666666,2022-09-09 16:00:00
807,17:00 - 18:00,2022-09-09,123.4,2022-09-09 17:00:00
964,18:00 - 19:00,2022-09-09,85.18333333333334,2022-09-09 18:00:00
56,07:00 - 08:00,2022-09-12,3.566666666666667,2022-09-12 07:00:00
165,08:00 - 09:00,2022-09-12,35.833333333333336,2022-09-12 08:00:00
602,16:00 - 17:00,2022-09-12,60.666666666666664,2022-09-12 16:00:00
808,17:00 - 18:00,2022-09-12,137.8,2022-09-12 17:00:00
965,18:00 - 19:00,2022-09-12,40.7,2022-09-12 18:00:00
57,07:00 - 08:00,2022-09-13,26.566666666666666,2022-09-13 07:00:00
166,08:00 - 09:00,2022-09-13,104.11666666666667,2022-09-13 08:00:00
255,09:00 - 10:00,2022-09-13,1.0,2022-09-13 09:00:00
603,16:00 - 17:00,2022-09-13,36.11666666666667,2022-09-13 16:00:00
809,17:00 - 18:00,2022-09-13,113.01666666666667,2022-09-13 17:00:00
966,18:00 - 19:00,2022-09-13,16.016666666666666,2022-09-13 18:00:00
58,07:00 - 08:00,2022-09-14,32.71666666666667,2022-09-14 07:00:00
167,08:00 - 09:00,2022-09-14,73.61666666666667,2022-09-14 08:00:00
331,12:00 - 13:00,2022-09-14,5.65,2022-09-14 12:00:00
604,16:00 - 17:00,2022-09-14,33.63333333333333,2022-09-14 16:00:00
810,17:00 - 18:00,2022-09-14,78.9,2022-09-14 17:00:00
967,18:00 - 19:00,2022-09-14,12.583333333333334,2022-09-14 18:00:00
168,08:00 - 09:00,2022-09-15,3.1166666666666667,2022-09-15 08:00:00
605,16:00 - 17:00,2022-09-15,80.81666666666666,2022-09-15 16:00:00
811,17:00 - 18:00,2022-09-15,225.7,2022-09-15 17:00:00
968,18:00 - 19:00,2022-09-15,44.333333333333336,2022-09-15 18:00:00
169,08:00 - 09:00,2022-09-16,10.533333333333333,2022-09-16 08:00:00
356,13:00 - 14:00,2022-09-16,15.116666666666667,2022-09-16 13:00:00
390,14:00 - 15:00,2022-09-16,40.8,2022-09-16 14:00:00
456,15:00 - 16:00,2022-09-16,96.76666666666667,2022-09-16 15:00:00
606,16:00 - 17:00,2022-09-16,132.4,2022-09-16 16:00:00
812,17:00 - 18:00,2022-09-16,97.1,2022-09-16 17:00:00
969,18:00 - 19:00,2022-09-16,48.1,2022-09-16 18:00:00
59,07:00 - 08:00,2022-09-19,19.133333333333333,2022-09-19 07:00:00
170,08:00 - 09:00,2022-09-19,10.033333333333333,2022-09-19 08:00:00
607,16:00 - 17:00,2022-09-19,44.63333333333333,2022-09-19 16:00:00
813,17:00 - 18:00,2022-09-19,96.11666666666667,2022-09-19 17:00:00
970,18:00 - 19:00,2022-09-19,27.6,2022-09-19 18:00:00
60,07:00 - 08:00,2022-09-20,20.650000000000002,2022-09-20 07:00:00
171,08:00 - 09:00,2022-09-20,38.68333333333333,2022-09-20 08:00:00
608,16:00 - 17:00,2022-09-20,41.15,2022-09-20 16:00:00
814,17:00 - 18:00,2022-09-20,148.51666666666665,2022-09-20 17:00:00
971,18:00 - 19:00,2022-09-20,18.233333333333334,2022-09-20 18:00:00
61,07:00 - 08:00,2022-09-21,4.133333333333334,2022-09-21 07:00:00
172,08:00 - 09:00,2022-09-21,19.516666666666666,2022-09-21 08:00:00
256,09:00 - 10:00,2022-09-21,0.05,2022-09-21 09:00:00
609,16:00 - 17:00,2022-09-21,57.16666666666667,2022-09-21 16:00:00
815,17:00 - 18:00,2022-09-21,98.61666666666666,2022-09-21 17:00:00
972,18:00 - 19:00,2022-09-21,4.516666666666667,2022-09-21 18:00:00
62,07:00 - 08:00,2022-09-22,27.8,2022-09-22 07:00:00
173,08:00 - 09:00,2022-09-22,145.33333333333334,2022-09-22 08:00:00
257,09:00 - 10:00,2022-09-22,49.166666666666664,2022-09-22 09:00:00
318,11:00 - 12:00,2022-09-22,5.1,2022-09-22 11:00:00
610,16:00 - 17:00,2022-09-22,64.8,2022-09-22 16:00:00
816,17:00 - 18:00,2022-09-22,178.43333333333334,2022-09-22 17:00:00
973,18:00 - 19:00,2022-09-22,63.96666666666667,2022-09-22 18:00:00
457,15:00 - 16:00,2022-09-23,32.11666666666667,2022-09-23 15:00:00
611,16:00 - 17:00,2022-09-23,90.68333333333334,2022-09-23 16:00:00
817,17:00 - 18:00,2022-09-23,122.13333333333333,2022-09-23 17:00:00
974,18:00 - 19:00,2022-09-23,67.23333333333333,2022-09-23 18:00:00
1036,19:00 - 20:00,2022-09-23,8.566666666666666,2022-09-23 19:00:00
357,13:00 - 14:00,2022-09-24,47.53333333333333,2022-09-24 13:00:00
391,14:00 - 15:00,2022-09-24,59.983333333333334,2022-09-24 14:00:00
458,15:00 - 16:00,2022-09-24,59.983333333333334,2022-09-24 15:00:00
612,16:00 - 17:00,2022-09-24,64.6,2022-09-24 16:00:00
63,07:00 - 08:00,2022-09-26,79.18333333333334,2022-09-26 07:00:00
174,08:00 - 09:00,2022-09-26,166.86666666666667,2022-09-26 08:00:00
258,09:00 - 10:00,2022-09-26,112.58333333333333,2022-09-26 09:00:00
613,16:00 - 17:00,2022-09-26,49.483333333333334,2022-09-26 16:00:00
818,17:00 - 18:00,2022-09-26,105.43333333333334,2022-09-26 17:00:00
975,18:00 - 19:00,2022-09-26,17.083333333333332,2022-09-26 18:00:00
64,07:00 - 08:00,2022-09-27,36.7,2022-09-27 07:00:00
175,08:00 - 09:00,2022-09-27,132.95,2022-09-27 08:00:00
614,16:00 - 17:00,2022-09-27,56.916666666666664,2022-09-27 16:00:00
819,17:00 - 18:00,2022-09-27,122.11666666666666,2022-09-27 17:00:00
976,18:00 - 19:00,2022-09-27,55.81666666666666,2022-09-27 18:00:00
65,07:00 - 08:00,2022-09-28,0.55,2022-09-28 07:00:00
176,08:00 - 09:00,2022-09-28,6.733333333333333,2022-09-28 08:00:00
459,15:00 - 16:00,2022-09-28,2.533333333333333,2022-09-28 15:00:00
615,16:00 - 17:00,2022-09-28,107.81666666666666,2022-09-28 16:00:00
820,17:00 - 18:00,2022-09-28,146.73333333333332,2022-09-28 17:00:00
977,18:00 - 19:00,2022-09-28,75.45,2022-09-28 18:00:00
1037,19:00 - 20:00,2022-09-28,1.0333333333333334,2022-09-28 19:00:00
66,07:00 - 08:00,2022-09-29,48.8,2022-09-29 07:00:00
177,08:00 - 09:00,2022-09-29,171.65,2022-09-29 08:00:00
259,09:00 - 10:00,2022-09-29,74.01666666666667,2022-09-29 09:00:00
616,16:00 - 17:00,2022-09-29,47.76666666666667,2022-09-29 16:00:00
821,17:00 - 18:00,2022-09-29,149.18333333333334,2022-09-29 17:00:00
978,18:00 - 19:00,2022-09-29,14.183333333333334,2022-09-29 18:00:00
460,15:00 - 16:00,2022-09-30,59.516666666666666,2022-09-30 15:00:00
617,16:00 - 17:00,2022-09-30,123.78333333333333,2022-09-30 16:00:00
822,17:00 - 18:00,2022-09-30,143.86666666666667,2022-09-30 17:00:00
979,18:00 - 19:00,2022-09-30,71.21666666666667,2022-09-30 18:00:00
1038,19:00 - 20:00,2022-09-30,14.183333333333334,2022-09-30 19:00:00
67,07:00 - 08:00,2022-10-03,42.61666666666667,2022-10-03 07:00:00
178,08:00 - 09:00,2022-10-03,101.76666666666667,2022-10-03 08:00:00
618,16:00 - 17:00,2022-10-03,45.81666666666667,2022-10-03 16:00:00
823,17:00 - 18:00,2022-10-03,93.25,2022-10-03 17:00:00
980,18:00 - 19:00,2022-10-03,3.033333333333333,2022-10-03 18:00:00
68,07:00 - 08:00,2022-10-04,49.4,2022-10-04 07:00:00
179,08:00 - 09:00,2022-10-04,112.98333333333333,2022-10-04 08:00:00
260,09:00 - 10:00,2022-10-04,9.683333333333334,2022-10-04 09:00:00
619,16:00 - 17:00,2022-10-04,84.08333333333333,2022-10-04 16:00:00
824,17:00 - 18:00,2022-10-04,106.05,2022-10-04 17:00:00
981,18:00 - 19:00,2022-10-04,23.133333333333333,2022-10-04 18:00:00
180,08:00 - 09:00,2022-10-05,12.483333333333334,2022-10-05 08:00:00
620,16:00 - 17:00,2022-10-05,71.81666666666666,2022-10-05 16:00:00
825,17:00 - 18:00,2022-10-05,66.06666666666666,2022-10-05 17:00:00
69,07:00 - 08:00,2022-10-06,59.15,2022-10-06 07:00:00
181,08:00 - 09:00,2022-10-06,181.06666666666666,2022-10-06 08:00:00
261,09:00 - 10:00,2022-10-06,43.333333333333336,2022-10-06 09:00:00
301,10:00 - 11:00,2022-10-06,45.61666666666667,2022-10-06 10:00:00
392,14:00 - 15:00,2022-10-06,37.56666666666667,2022-10-06 14:00:00
621,16:00 - 17:00,2022-10-06,72.26666666666667,2022-10-06 16:00:00
826,17:00 - 18:00,2022-10-06,138.08333333333334,2022-10-06 17:00:00
982,18:00 - 19:00,2022-10-06,68.48333333333333,2022-10-06 18:00:00
393,14:00 - 15:00,2022-10-07,17.616666666666667,2022-10-07 14:00:00
461,15:00 - 16:00,2022-10-07,45.583333333333336,2022-10-07 15:00:00
622,16:00 - 17:00,2022-10-07,84.56666666666666,2022-10-07 16:00:00
827,17:00 - 18:00,2022-10-07,12.55,2022-10-07 17:00:00
70,07:00 - 08:00,2022-10-10,63.3,2022-10-10 07:00:00
182,08:00 - 09:00,2022-10-10,74.55,2022-10-10 08:00:00
623,16:00 - 17:00,2022-10-10,106.98333333333333,2022-10-10 16:00:00
828,17:00 - 18:00,2022-10-10,135.5,2022-10-10 17:00:00
983,18:00 - 19:00,2022-10-10,27.083333333333336,2022-10-10 18:00:00
71,07:00 - 08:00,2022-10-11,48.1,2022-10-11 07:00:00
183,08:00 - 09:00,2022-10-11,187.66666666666666,2022-10-11 08:00:00
262,09:00 - 10:00,2022-10-11,42.75,2022-10-11 09:00:00
624,16:00 - 17:00,2022-10-11,76.88333333333333,2022-10-11 16:00:00
829,17:00 - 18:00,2022-10-11,217.76666666666665,2022-10-11 17:00:00
984,18:00 - 19:00,2022-10-11,67.81666666666666,2022-10-11 18:00:00
72,07:00 - 08:00,2022-10-12,22.25,2022-10-12 07:00:00
184,08:00 - 09:00,2022-10-12,69.86666666666666,2022-10-12 08:00:00
263,09:00 - 10:00,2022-10-12,5.183333333333334,2022-10-12 09:00:00
462,15:00 - 16:00,2022-10-12,9.033333333333333,2022-10-12 15:00:00
625,16:00 - 17:00,2022-10-12,77.11666666666667,2022-10-12 16:00:00
830,17:00 - 18:00,2022-10-12,92.73333333333333,2022-10-12 17:00:00
985,18:00 - 19:00,2022-10-12,29.166666666666668,2022-10-12 18:00:00
73,07:00 - 08:00,2022-10-13,40.06666666666667,2022-10-13 07:00:00
185,08:00 - 09:00,2022-10-13,125.14999999999999,2022-10-13 08:00:00
264,09:00 - 10:00,2022-10-13,45.133333333333326,2022-10-13 09:00:00
463,15:00 - 16:00,2022-10-13,37.61666666666667,2022-10-13 15:00:00
626,16:00 - 17:00,2022-10-13,171.06666666666666,2022-10-13 16:00:00
831,17:00 - 18:00,2022-10-13,177.4,2022-10-13 17:00:00
986,18:00 - 19:00,2022-10-13,79.01666666666667,2022-10-13 18:00:00
1039,19:00 - 20:00,2022-10-13,2.0166666666666666,2022-10-13 19:00:00
358,13:00 - 14:00,2022-10-14,1.5333333333333334,2022-10-14 13:00:00
394,14:00 - 15:00,2022-10-14,23.65,2022-10-14 14:00:00
464,15:00 - 16:00,2022-10-14,88.11666666666667,2022-10-14 15:00:00
627,16:00 - 17:00,2022-10-14,99.21666666666667,2022-10-14 16:00:00
832,17:00 - 18:00,2022-10-14,71.13333333333333,2022-10-14 17:00:00
74,07:00 - 08:00,2022-10-17,58.56666666666666,2022-10-17 07:00:00
186,08:00 - 09:00,2022-10-17,93.05,2022-10-17 08:00:00
465,15:00 - 16:00,2022-10-17,1.5833333333333333,2022-10-17 15:00:00
628,16:00 - 17:00,2022-10-17,21.700000000000003,2022-10-17 16:00:00
833,17:00 - 18:00,2022-10-17,47.05,2022-10-17 17:00:00
3,06:00 - 07:00,2022-10-18,26.616666666666667,2022-10-18 06:00:00
75,07:00 - 08:00,2022-10-18,143.46666666666667,2022-10-18 07:00:00
187,08:00 - 09:00,2022-10-18,248.43333333333334,2022-10-18 08:00:00
265,09:00 - 10:00,2022-10-18,166.96666666666667,2022-10-18 09:00:00
302,10:00 - 11:00,2022-10-18,13.0,2022-10-18 10:00:00
629,16:00 - 17:00,2022-10-18,87.73333333333333,2022-10-18 16:00:00
834,17:00 - 18:00,2022-10-18,148.93333333333334,2022-10-18 17:00:00
987,18:00 - 19:00,2022-10-18,46.03333333333333,2022-10-18 18:00:00
188,08:00 - 09:00,2022-10-19,4.55,2022-10-19 08:00:00
466,15:00 - 16:00,2022-10-19,22.25,2022-10-19 15:00:00
630,16:00 - 17:00,2022-10-19,118.9,2022-10-19 16:00:00
835,17:00 - 18:00,2022-10-19,163.71666666666667,2022-10-19 17:00:00
988,18:00 - 19:00,2022-10-19,27.333333333333336,2022-10-19 18:00:00
76,07:00 - 08:00,2022-10-20,35.233333333333334,2022-10-20 07:00:00
189,08:00 - 09:00,2022-10-20,51.5,2022-10-20 08:00:00
467,15:00 - 16:00,2022-10-20,19.75,2022-10-20 15:00:00
631,16:00 - 17:00,2022-10-20,142.65,2022-10-20 16:00:00
836,17:00 - 18:00,2022-10-20,217.54999999999998,2022-10-20 17:00:00
989,18:00 - 19:00,2022-10-20,70.45,2022-10-20 18:00:00
77,07:00 - 08:00,2022-10-21,23.766666666666666,2022-10-21 07:00:00
395,14:00 - 15:00,2022-10-21,10.6,2022-10-21 14:00:00
468,15:00 - 16:00,2022-10-21,45.8,2022-10-21 15:00:00
632,16:00 - 17:00,2022-10-21,143.5,2022-10-21 16:00:00
837,17:00 - 18:00,2022-10-21,141.98333333333332,2022-10-21 17:00:00
990,18:00 - 19:00,2022-10-21,19.983333333333334,2022-10-21 18:00:00
78,07:00 - 08:00,2022-10-24,47.13333333333334,2022-10-24 07:00:00
190,08:00 - 09:00,2022-10-24,38.38333333333333,2022-10-24 08:00:00
633,16:00 - 17:00,2022-10-24,5.533333333333333,2022-10-24 16:00:00
838,17:00 - 18:00,2022-10-24,29.366666666666667,2022-10-24 17:00:00
79,07:00 - 08:00,2022-10-25,39.76666666666667,2022-10-25 07:00:00
191,08:00 - 09:00,2022-10-25,11.266666666666667,2022-10-25 08:00:00
634,16:00 - 17:00,2022-10-25,21.21666666666667,2022-10-25 16:00:00
839,17:00 - 18:00,2022-10-25,60.199999999999996,2022-10-25 17:00:00
991,18:00 - 19:00,2022-10-25,14.183333333333334,2022-10-25 18:00:00
469,15:00 - 16:00,2022-10-26,6.083333333333333,2022-10-26 15:00:00
635,16:00 - 17:00,2022-10-26,32.86666666666667,2022-10-26 16:00:00
840,17:00 - 18:00,2022-10-26,73.33333333333333,2022-10-26 17:00:00
992,18:00 - 19:00,2022-10-26,6.116666666666666,2022-10-26 18:00:00
319,11:00 - 12:00,2022-10-27,24.45,2022-10-27 11:00:00
332,12:00 - 13:00,2022-10-27,12.75,2022-10-27 12:00:00
470,15:00 - 16:00,2022-10-27,1.5333333333333334,2022-10-27 15:00:00
636,16:00 - 17:00,2022-10-27,43.35,2022-10-27 16:00:00
841,17:00 - 18:00,2022-10-27,48.916666666666664,2022-10-27 17:00:00
993,18:00 - 19:00,2022-10-27,8.166666666666666,2022-10-27 18:00:00
192,08:00 - 09:00,2022-10-28,16.55,2022-10-28 08:00:00
266,09:00 - 10:00,2022-10-28,19.4,2022-10-28 09:00:00
396,14:00 - 15:00,2022-10-28,20.133333333333333,2022-10-28 14:00:00
471,15:00 - 16:00,2022-10-28,5.6,2022-10-28 15:00:00
637,16:00 - 17:00,2022-10-28,26.233333333333334,2022-10-28 16:00:00
842,17:00 - 18:00,2022-10-28,19.283333333333335,2022-10-28 17:00:00
303,10:00 - 11:00,2022-10-30,17.583333333333332,2022-10-30 10:00:00
320,11:00 - 12:00,2022-10-30,66.56666666666666,2022-10-30 11:00:00
333,12:00 - 13:00,2022-10-30,59.983333333333334,2022-10-30 12:00:00
359,13:00 - 14:00,2022-10-30,60.849999999999994,2022-10-30 13:00:00
397,14:00 - 15:00,2022-10-30,95.93333333333334,2022-10-30 14:00:00
472,15:00 - 16:00,2022-10-30,67.11666666666666,2022-10-30 15:00:00
638,16:00 - 17:00,2022-10-30,80.71666666666667,2022-10-30 16:00:00
843,17:00 - 18:00,2022-10-30,69.71666666666667,2022-10-30 17:00:00
994,18:00 - 19:00,2022-10-30,66.98333333333333,2022-10-30 18:00:00
1040,19:00 - 20:00,2022-10-30,55.86666666666667,2022-10-30 19:00:00
1049,20:00 - 21:00,2022-10-30,24.866666666666667,2022-10-30 20:00:00
80,07:00 - 08:00,2022-10-31,30.683333333333334,2022-10-31 07:00:00
193,08:00 - 09:00,2022-10-31,120.0,2022-10-31 08:00:00
267,09:00 - 10:00,2022-10-31,15.65,2022-10-31 09:00:00
639,16:00 - 17:00,2022-10-31,69.31666666666666,2022-10-31 16:00:00
844,17:00 - 18:00,2022-10-31,130.88333333333333,2022-10-31 17:00:00
995,18:00 - 19:00,2022-10-31,24.8,2022-10-31 18:00:00
1041,19:00 - 20:00,2022-10-31,18.566666666666666,2022-10-31 19:00:00
1050,20:00 - 21:00,2022-10-31,14.416666666666666,2022-10-31 20:00:00
81,07:00 - 08:00,2022-11-01,63.68333333333333,2022-11-01 07:00:00
194,08:00 - 09:00,2022-11-01,183.21666666666667,2022-11-01 08:00:00
268,09:00 - 10:00,2022-11-01,110.96666666666667,2022-11-01 09:00:00
304,10:00 - 11:00,2022-11-01,88.6,2022-11-01 10:00:00
640,16:00 - 17:00,2022-11-01,55.81666666666667,2022-11-01 16:00:00
845,17:00 - 18:00,2022-11-01,127.8,2022-11-01 17:00:00
996,18:00 - 19:00,2022-11-01,22.25,2022-11-01 18:00:00
82,07:00 - 08:00,2022-11-02,5.716666666666667,2022-11-02 07:00:00
360,13:00 - 14:00,2022-11-02,19.15,2022-11-02 13:00:00
641,16:00 - 17:00,2022-11-02,39.733333333333334,2022-11-02 16:00:00
846,17:00 - 18:00,2022-11-02,89.7,2022-11-02 17:00:00
997,18:00 - 19:00,2022-11-02,1.5833333333333333,2022-11-02 18:00:00
83,07:00 - 08:00,2022-11-03,23.133333333333333,2022-11-03 07:00:00
195,08:00 - 09:00,2022-11-03,122.5,2022-11-03 08:00:00
269,09:00 - 10:00,2022-11-03,25.75,2022-11-03 09:00:00
398,14:00 - 15:00,2022-11-03,22.55,2022-11-03 14:00:00
473,15:00 - 16:00,2022-11-03,8.55,2022-11-03 15:00:00
642,16:00 - 17:00,2022-11-03,120.48333333333333,2022-11-03 16:00:00
847,17:00 - 18:00,2022-11-03,194.95,2022-11-03 17:00:00
998,18:00 - 19:00,2022-11-03,149.98333333333335,2022-11-03 18:00:00
361,13:00 - 14:00,2022-11-04,5.683333333333334,2022-11-04 13:00:00
399,14:00 - 15:00,2022-11-04,1.5666666666666667,2022-11-04 14:00:00
474,15:00 - 16:00,2022-11-04,6.633333333333333,2022-11-04 15:00:00
643,16:00 - 17:00,2022-11-04,43.25,2022-11-04 16:00:00
848,17:00 - 18:00,2022-11-04,95.38333333333333,2022-11-04 17:00:00
999,18:00 - 19:00,2022-11-04,37.11666666666667,2022-11-04 18:00:00
334,12:00 - 13:00,2022-11-05,36.416666666666664,2022-11-05 12:00:00
4,06:00 - 07:00,2022-11-07,1.6166666666666667,2022-11-07 06:00:00
84,07:00 - 08:00,2022-11-07,48.06666666666667,2022-11-07 07:00:00
196,08:00 - 09:00,2022-11-07,22.433333333333334,2022-11-07 08:00:00
270,09:00 - 10:00,2022-11-07,10.216666666666667,2022-11-07 09:00:00
644,16:00 - 17:00,2022-11-07,64.85,2022-11-07 16:00:00
849,17:00 - 18:00,2022-11-07,109.23333333333333,2022-11-07 17:00:00
1000,18:00 - 19:00,2022-11-07,8.033333333333333,2022-11-07 18:00:00
85,07:00 - 08:00,2022-11-08,75.58333333333334,2022-11-08 07:00:00
197,08:00 - 09:00,2022-11-08,153.35,2022-11-08 08:00:00
271,09:00 - 10:00,2022-11-08,27.633333333333336,2022-11-08 09:00:00
645,16:00 - 17:00,2022-11-08,84.21666666666667,2022-11-08 16:00:00
850,17:00 - 18:00,2022-11-08,165.03333333333333,2022-11-08 17:00:00
1001,18:00 - 19:00,2022-11-08,58.36666666666667,2022-11-08 18:00:00
86,07:00 - 08:00,2022-11-09,92.78333333333333,2022-11-09 07:00:00
198,08:00 - 09:00,2022-11-09,35.7,2022-11-09 08:00:00
305,10:00 - 11:00,2022-11-09,12.283333333333333,2022-11-09 10:00:00
646,16:00 - 17:00,2022-11-09,82.38333333333333,2022-11-09 16:00:00
851,17:00 - 18:00,2022-11-09,113.65,2022-11-09 17:00:00
1002,18:00 - 19:00,2022-11-09,19.65,2022-11-09 18:00:00
87,07:00 - 08:00,2022-11-10,45.5,2022-11-10 07:00:00
199,08:00 - 09:00,2022-11-10,127.9,2022-11-10 08:00:00
272,09:00 - 10:00,2022-11-10,22.18333333333333,2022-11-10 09:00:00
647,16:00 - 17:00,2022-11-10,72.88333333333333,2022-11-10 16:00:00
852,17:00 - 18:00,2022-11-10,165.91666666666666,2022-11-10 17:00:00
1003,18:00 - 19:00,2022-11-10,51.916666666666664,2022-11-10 18:00:00
475,15:00 - 16:00,2022-11-11,30.666666666666668,2022-11-11 15:00:00
648,16:00 - 17:00,2022-11-11,19.65,2022-11-11 16:00:00
853,17:00 - 18:00,2022-11-11,6.616666666666666,2022-11-11 17:00:00
88,07:00 - 08:00,2022-11-14,28.133333333333333,2022-11-14 07:00:00
200,08:00 - 09:00,2022-11-14,43.88333333333333,2022-11-14 08:00:00
649,16:00 - 17:00,2022-11-14,42.81666666666666,2022-11-14 16:00:00
854,17:00 - 18:00,2022-11-14,134.98333333333332,2022-11-14 17:00:00
1004,18:00 - 19:00,2022-11-14,4.0,2022-11-14 18:00:00
89,07:00 - 08:00,2022-11-15,107.7,2022-11-15 07:00:00
201,08:00 - 09:00,2022-11-15,245.86666666666667,2022-11-15 08:00:00
273,09:00 - 10:00,2022-11-15,85.41666666666667,2022-11-15 09:00:00
650,16:00 - 17:00,2022-11-15,90.15,2022-11-15 16:00:00
855,17:00 - 18:00,2022-11-15,217.35,2022-11-15 17:00:00
1005,18:00 - 19:00,2022-11-15,120.46666666666667,2022-11-15 18:00:00
1042,19:00 - 20:00,2022-11-15,10.583333333333334,2022-11-15 19:00:00
90,07:00 - 08:00,2022-11-16,4.383333333333334,2022-11-16 07:00:00
202,08:00 - 09:00,2022-11-16,56.03333333333333,2022-11-16 08:00:00
274,09:00 - 10:00,2022-11-16,0.9,2022-11-16 09:00:00
476,15:00 - 16:00,2022-11-16,2.566666666666667,2022-11-16 15:00:00
651,16:00 - 17:00,2022-11-16,78.25,2022-11-16 16:00:00
856,17:00 - 18:00,2022-11-16,181.03333333333333,2022-11-16 17:00:00
1006,18:00 - 19:00,2022-11-16,99.4,2022-11-16 18:00:00
91,07:00 - 08:00,2022-11-17,127.41666666666667,2022-11-17 07:00:00
203,08:00 - 09:00,2022-11-17,214.81666666666666,2022-11-17 08:00:00
275,09:00 - 10:00,2022-11-17,166.23333333333335,2022-11-17 09:00:00
306,10:00 - 11:00,2022-11-17,19.566666666666666,2022-11-17 10:00:00
477,15:00 - 16:00,2022-11-17,1.45,2022-11-17 15:00:00
652,16:00 - 17:00,2022-11-17,95.33333333333333,2022-11-17 16:00:00
857,17:00 - 18:00,2022-11-17,167.1,2022-11-17 17:00:00
1007,18:00 - 19:00,2022-11-17,12.733333333333334,2022-11-17 18:00:00
478,15:00 - 16:00,2022-11-18,3.1,2022-11-18 15:00:00
653,16:00 - 17:00,2022-11-18,51.66666666666667,2022-11-18 16:00:00
858,17:00 - 18:00,2022-11-18,75.7,2022-11-18 17:00:00
1008,18:00 - 19:00,2022-11-18,20.666666666666668,2022-11-18 18:00:00
92,07:00 - 08:00,2022-11-21,59.13333333333333,2022-11-21 07:00:00
204,08:00 - 09:00,2022-11-21,139.23333333333332,2022-11-21 08:00:00
276,09:00 - 10:00,2022-11-21,99.18333333333334,2022-11-21 09:00:00
654,16:00 - 17:00,2022-11-21,69.81666666666666,2022-11-21 16:00:00
859,17:00 - 18:00,2022-11-21,67.63333333333333,2022-11-21 17:00:00
93,07:00 - 08:00,2022-11-22,128.61666666666667,2022-11-22 07:00:00
205,08:00 - 09:00,2022-11-22,262.4,2022-11-22 08:00:00
277,09:00 - 10:00,2022-11-22,146.58333333333334,2022-11-22 09:00:00
307,10:00 - 11:00,2022-11-22,26.583333333333332,2022-11-22 10:00:00
655,16:00 - 17:00,2022-11-22,85.46666666666667,2022-11-22 16:00:00
860,17:00 - 18:00,2022-11-22,176.16666666666669,2022-11-22 17:00:00
1009,18:00 - 19:00,2022-11-22,54.7,2022-11-22 18:00:00
94,07:00 - 08:00,2022-11-23,21.816666666666666,2022-11-23 07:00:00
479,15:00 - 16:00,2022-11-23,22.616666666666667,2022-11-23 15:00:00
656,16:00 - 17:00,2022-11-23,132.33333333333334,2022-11-23 16:00:00
861,17:00 - 18:00,2022-11-23,173.01666666666668,2022-11-23 17:00:00
1010,18:00 - 19:00,2022-11-23,69.61666666666666,2022-11-23 18:00:00
95,07:00 - 08:00,2022-11-24,85.81666666666666,2022-11-24 07:00:00
206,08:00 - 09:00,2022-11-24,175.51666666666665,2022-11-24 08:00:00
278,09:00 - 10:00,2022-11-24,18.183333333333334,2022-11-24 09:00:00
657,16:00 - 17:00,2022-11-24,117.26666666666667,2022-11-24 16:00:00
862,17:00 - 18:00,2022-11-24,142.68333333333334,2022-11-24 17:00:00
1011,18:00 - 19:00,2022-11-24,27.78333333333333,2022-11-24 18:00:00
480,15:00 - 16:00,2022-11-25,18.083333333333332,2022-11-25 15:00:00
658,16:00 - 17:00,2022-11-25,101.6,2022-11-25 16:00:00
863,17:00 - 18:00,2022-11-25,23.683333333333334,2022-11-25 17:00:00
96,07:00 - 08:00,2022-11-28,138.01666666666665,2022-11-28 07:00:00
207,08:00 - 09:00,2022-11-28,241.23333333333335,2022-11-28 08:00:00
279,09:00 - 10:00,2022-11-28,95.15,2022-11-28 09:00:00
659,16:00 - 17:00,2022-11-28,59.349999999999994,2022-11-28 16:00:00
864,17:00 - 18:00,2022-11-28,137.58333333333334,2022-11-28 17:00:00
1012,18:00 - 19:00,2022-11-28,7.0,2022-11-28 18:00:00
97,07:00 - 08:00,2022-11-29,112.5,2022-11-29 07:00:00
208,08:00 - 09:00,2022-11-29,186.41666666666666,2022-11-29 08:00:00
280,09:00 - 10:00,2022-11-29,9.316666666666666,2022-11-29 09:00:00
481,15:00 - 16:00,2022-11-29,12.416666666666668,2022-11-29 15:00:00
660,16:00 - 17:00,2022-11-29,32.11666666666667,2022-11-29 16:00:00
865,17:00 - 18:00,2022-11-29,26.633333333333333,2022-11-29 17:00:00
5,06:00 - 07:00,2022-11-30,37.6,2022-11-30 06:00:00
98,07:00 - 08:00,2022-11-30,27.416666666666668,2022-11-30 07:00:00
209,08:00 - 09:00,2022-11-30,12.8,2022-11-30 08:00:00
335,12:00 - 13:00,2022-11-30,11.5,2022-11-30 12:00:00
362,13:00 - 14:00,2022-11-30,59.983333333333334,2022-11-30 13:00:00
400,14:00 - 15:00,2022-11-30,1.0,2022-11-30 14:00:00
661,16:00 - 17:00,2022-11-30,38.21666666666667,2022-11-30 16:00:00
866,17:00 - 18:00,2022-11-30,143.66666666666666,2022-11-30 17:00:00
1013,18:00 - 19:00,2022-11-30,43.833333333333336,2022-11-30 18:00:00
99,07:00 - 08:00,2022-12-01,52.18333333333334,2022-12-01 07:00:00
210,08:00 - 09:00,2022-12-01,79.86666666666666,2022-12-01 08:00:00
662,16:00 - 17:00,2022-12-01,113.4,2022-12-01 16:00:00
867,17:00 - 18:00,2022-12-01,199.61666666666667,2022-12-01 17:00:00
1014,18:00 - 19:00,2022-12-01,67.73333333333333,2022-12-01 18:00:00
1043,19:00 - 20:00,2022-12-01,3.716666666666667,2022-12-01 19:00:00
401,14:00 - 15:00,2022-12-02,41.05,2022-12-02 14:00:00
482,15:00 - 16:00,2022-12-02,19.549999999999997,2022-12-02 15:00:00
663,16:00 - 17:00,2022-12-02,19.583333333333332,2022-12-02 16:00:00
868,17:00 - 18:00,2022-12-02,42.56666666666667,2022-12-02 17:00:00
100,07:00 - 08:00,2022-12-05,81.3,2022-12-05 07:00:00
211,08:00 - 09:00,2022-12-05,118.01666666666667,2022-12-05 08:00:00
281,09:00 - 10:00,2022-12-05,44.55,2022-12-05 09:00:00
483,15:00 - 16:00,2022-12-05,11.6,2022-12-05 15:00:00
664,16:00 - 17:00,2022-12-05,157.53333333333333,2022-12-05 16:00:00
869,17:00 - 18:00,2022-12-05,113.9,2022-12-05 17:00:00
1015,18:00 - 19:00,2022-12-05,8.55,2022-12-05 18:00:00
101,07:00 - 08:00,2022-12-06,136.10000000000002,2022-12-06 07:00:00
212,08:00 - 09:00,2022-12-06,168.85,2022-12-06 08:00:00
282,09:00 - 10:00,2022-12-06,10.033333333333333,2022-12-06 09:00:00
665,16:00 - 17:00,2022-12-06,84.7,2022-12-06 16:00:00
870,17:00 - 18:00,2022-12-06,144.56666666666666,2022-12-06 17:00:00
1016,18:00 - 19:00,2022-12-06,72.45,2022-12-06 18:00:00
102,07:00 - 08:00,2022-12-07,83.38333333333333,2022-12-07 07:00:00
213,08:00 - 09:00,2022-12-07,129.03333333333333,2022-12-07 08:00:00
283,09:00 - 10:00,2022-12-07,13.066666666666666,2022-12-07 09:00:00
666,16:00 - 17:00,2022-12-07,49.6,2022-12-07 16:00:00
871,17:00 - 18:00,2022-12-07,114.63333333333334,2022-12-07 17:00:00
1017,18:00 - 19:00,2022-12-07,7.6,2022-12-07 18:00:00
103,07:00 - 08:00,2022-12-08,91.16666666666667,2022-12-08 07:00:00
214,08:00 - 09:00,2022-12-08,207.9,2022-12-08 08:00:00
284,09:00 - 10:00,2022-12-08,71.8,2022-12-08 09:00:00
667,16:00 - 17:00,2022-12-08,31.983333333333334,2022-12-08 16:00:00
872,17:00 - 18:00,2022-12-08,100.6,2022-12-08 17:00:00
1018,18:00 - 19:00,2022-12-08,11.1,2022-12-08 18:00:00
402,14:00 - 15:00,2022-12-09,11.016666666666667,2022-12-09 14:00:00
484,15:00 - 16:00,2022-12-09,34.583333333333336,2022-12-09 15:00:00
668,16:00 - 17:00,2022-12-09,92.25,2022-12-09 16:00:00
873,17:00 - 18:00,2022-12-09,76.68333333333334,2022-12-09 17:00:00
1019,18:00 - 19:00,2022-12-09,59.983333333333334,2022-12-09 18:00:00
1044,19:00 - 20:00,2022-12-09,18.683333333333334,2022-12-09 19:00:00
104,07:00 - 08:00,2022-12-12,93.23333333333333,2022-12-12 07:00:00
215,08:00 - 09:00,2022-12-12,95.51666666666667,2022-12-12 08:00:00
285,09:00 - 10:00,2022-12-12,29.266666666666666,2022-12-12 09:00:00
669,16:00 - 17:00,2022-12-12,32.983333333333334,2022-12-12 16:00:00
874,17:00 - 18:00,2022-12-12,115.96666666666667,2022-12-12 17:00:00
1020,18:00 - 19:00,2022-12-12,9.066666666666666,2022-12-12 18:00:00
105,07:00 - 08:00,2022-12-13,128.16666666666666,2022-12-13 07:00:00
216,08:00 - 09:00,2022-12-13,217.75,2022-12-13 08:00:00
286,09:00 - 10:00,2022-12-13,135.96666666666667,2022-12-13 09:00:00
308,10:00 - 11:00,2022-12-13,2.0,2022-12-13 10:00:00
670,16:00 - 17:00,2022-12-13,61.06666666666667,2022-12-13 16:00:00
875,17:00 - 18:00,2022-12-13,140.11666666666667,2022-12-13 17:00:00
1021,18:00 - 19:00,2022-12-13,59.983333333333334,2022-12-13 18:00:00
1045,19:00 - 20:00,2022-12-13,59.983333333333334,2022-12-13 19:00:00
1051,20:00 - 21:00,2022-12-13,49.21666666666667,2022-12-13 20:00:00
106,07:00 - 08:00,2022-12-14,20.766666666666666,2022-12-14 07:00:00
217,08:00 - 09:00,2022-12-14,0.05,2022-12-14 08:00:00
671,16:00 - 17:00,2022-12-14,107.93333333333334,2022-12-14 16:00:00
876,17:00 - 18:00,2022-12-14,119.46666666666667,2022-12-14 17:00:00
1022,18:00 - 19:00,2022-12-14,13.533333333333333,2022-12-14 18:00:00
107,07:00 - 08:00,2022-12-15,68.73333333333333,2022-12-15 07:00:00
218,08:00 - 09:00,2022-12-15,148.13333333333333,2022-12-15 08:00:00
287,09:00 - 10:00,2022-12-15,20.516666666666666,2022-12-15 09:00:00
672,16:00 - 17:00,2022-12-15,104.89999999999999,2022-12-15 16:00:00
877,17:00 - 18:00,2022-12-15,189.48333333333335,2022-12-15 17:00:00
1023,18:00 - 19:00,2022-12-15,57.03333333333333,2022-12-15 18:00:00
485,15:00 - 16:00,2022-12-16,25.0,2022-12-16 15:00:00
673,16:00 - 17:00,2022-12-16,42.05,2022-12-16 16:00:00
878,17:00 - 18:00,2022-12-16,53.4,2022-12-16 17:00:00
1024,18:00 - 19:00,2022-12-16,1.0333333333333334,2022-12-16 18:00:00
0,03:00 - 04:00,2022-12-19,3.716666666666667,2022-12-19 03:00:00
108,07:00 - 08:00,2022-12-19,36.18333333333334,2022-12-19 07:00:00
219,08:00 - 09:00,2022-12-19,30.666666666666664,2022-12-19 08:00:00
674,16:00 - 17:00,2022-12-19,40.9,2022-12-19 16:00:00
879,17:00 - 18:00,2022-12-19,59.43333333333334,2022-12-19 17:00:00
109,07:00 - 08:00,2022-12-20,67.41666666666667,2022-12-20 07:00:00
220,08:00 - 09:00,2022-12-20,97.66666666666667,2022-12-20 08:00:00
288,09:00 - 10:00,2022-12-20,24.75,2022-12-20 09:00:00
309,10:00 - 11:00,2022-12-20,4.516666666666667,2022-12-20 10:00:00
675,16:00 - 17:00,2022-12-20,114.7,2022-12-20 16:00:00
880,17:00 - 18:00,2022-12-20,181.78333333333333,2022-12-20 17:00:00
1025,18:00 - 19:00,2022-12-20,50.53333333333333,2022-12-20 18:00:00
289,09:00 - 10:00,2022-12-21,41.1,2022-12-21 09:00:00
403,14:00 - 15:00,2022-12-21,41.483333333333334,2022-12-21 14:00:00
486,15:00 - 16:00,2022-12-21,53.45,2022-12-21 15:00:00
676,16:00 - 17:00,2022-12-21,45.95,2022-12-21 16:00:00
881,17:00 - 18:00,2022-12-21,120.35000000000001,2022-12-21 17:00:00
1026,18:00 - 19:00,2022-12-21,49.016666666666666,2022-12-21 18:00:00
221,08:00 - 09:00,2022-12-22,54.5,2022-12-22 08:00:00
290,09:00 - 10:00,2022-12-22,111.48333333333333,2022-12-22 09:00:00
310,10:00 - 11:00,2022-12-22,1.0,2022-12-22 10:00:00
487,15:00 - 16:00,2022-12-22,6.883333333333334,2022-12-22 15:00:00
677,16:00 - 17:00,2022-12-22,98.93333333333334,2022-12-22 16:00:00
882,17:00 - 18:00,2022-12-22,76.95,2022-12-22 17:00:00
1027,18:00 - 19:00,2022-12-22,70.85,2022-12-22 18:00:00
488,15:00 - 16:00,2022-12-23,3.466666666666667,2022-12-23 15:00:00
678,16:00 - 17:00,2022-12-23,65.95,2022-12-23 16:00:00
883,17:00 - 18:00,2022-12-23,4.133333333333334,2022-12-23 17:00:00
404,14:00 - 15:00,2022-12-27,20.483333333333334,2022-12-27 14:00:00
489,15:00 - 16:00,2022-12-27,41.0,2022-12-27 15:00:00
